participant,session,age,gender,handedness,phase,overall_trial_num,trial_in_block,mem_filename,mem_ground_truth,controlled,trial_level,item_type,mem_response,mem_rt,mem_trigger_onset,mem_trigger_resp
16,001,26,f,r,memory_test,261,1,grapefruit_09s,seen,yes,high,controlled,no,1.0475407000631094,51,62
16,001,26,f,r,memory_test,262,2,bowtie_14s,seen,yes,low,controlled,no,1.1615949999541044,51,62
16,001,26,f,r,memory_test,263,3,spring_roll_05s,unseen,,,,no,0.7796498998068273,52,61
16,001,26,f,r,memory_test,264,4,soy_sauce_10s,unseen,,,,no,0.7523499000817537,52,61
16,001,26,f,r,memory_test,265,5,yarn_10s,seen,yes,high,controlled,no,1.0114032998681068,51,62
16,001,26,f,r,memory_test,266,6,cream_cheese_05s,unseen,,,,no,0.7555440999567509,52,61
16,001,26,f,r,memory_test,267,7,steak_15s,unseen,,,,no,0.6849429998546839,52,61
16,001,26,f,r,memory_test,268,8,icicle_12s,seen,no,low,uncontrolled,no,0.753683399874717,51,62
16,001,26,f,r,memory_test,269,9,parfait_17s,seen,no,low,uncontrolled,yes,1.0167543003335595,51,61
16,001,26,f,r,memory_test,270,10,cotton_candy_08s,seen,yes,high,controlled,yes,0.5985213001258671,51,61
16,001,26,f,r,memory_test,271,11,scoop_12s,unseen,,,,no,0.7970602000132203,52,61
16,001,26,f,r,memory_test,272,12,latte_01b,seen,no,high,uncontrolled,yes,0.6103936000727117,51,61
16,001,26,f,r,memory_test,273,13,hood_06s,seen,yes,low,controlled,yes,0.7805069996975362,51,61
16,001,26,f,r,memory_test,274,14,chickpea_02s,seen,no,low,uncontrolled,yes,1.1931808996014297,51,61
16,001,26,f,r,memory_test,275,15,hot_tub_07s,seen,yes,low,controlled,no,0.8908275999128819,51,62
16,001,26,f,r,memory_test,276,16,spareribs_10s,seen,yes,high,controlled,no,0.7552046999335289,51,62
16,001,26,f,r,memory_test,277,17,cheesecake_13s,unseen,,,,no,0.8886051001027226,52,61
16,001,26,f,r,memory_test,278,18,leggings_12s,unseen,,,,no,1.4873542999848723,52,61
16,001,26,f,r,memory_test,279,19,punch2_01b,unseen,,,,no,1.0018873000517488,52,61
16,001,26,f,r,memory_test,280,20,boxer_shorts_09s,seen,yes,high,controlled,yes,0.804543299600482,51,61
16,001,26,f,r,memory_test,281,21,rattle_08s,unseen,,,,no,0.6820438001304865,52,61
16,001,26,f,r,memory_test,282,22,razor_09s,seen,yes,high,controlled,no,0.9835334001109004,51,62
16,001,26,f,r,memory_test,283,23,playpen_05s,unseen,,,,no,0.781538899987936,52,61
16,001,26,f,r,memory_test,284,24,coal_08s,seen,yes,high,controlled,yes,1.0324145001359284,51,61
16,001,26,f,r,memory_test,285,25,donut_15s,unseen,,,,yes,0.6233483999967575,52,62
16,001,26,f,r,memory_test,286,26,dumbbell_10s,seen,no,low,uncontrolled,yes,0.8926548999734223,51,61
16,001,26,f,r,memory_test,287,27,gearshift_11n,unseen,,,,no,0.869393200147897,52,61
16,001,26,f,r,memory_test,288,28,sequin_08s,seen,no,high,uncontrolled,no,0.7175878002308309,51,62
16,001,26,f,r,memory_test,289,29,subway_13s,unseen,,,,no,0.945852099917829,52,61
16,001,26,f,r,memory_test,290,30,doorstop_06s,unseen,,,,no,0.8911632997915149,52,61
16,001,26,f,r,memory_test,291,31,diamond_14s,unseen,,,,no,0.8273066002875566,52,61
16,001,26,f,r,memory_test,292,32,footprint_11s,unseen,,,,no,0.763293500058353,52,61
16,001,26,f,r,memory_test,293,33,sauerkraut_03s,unseen,,,,no,0.8281576000154018,52,61
16,001,26,f,r,memory_test,294,34,scale_05s,unseen,,,,no,0.7835527998395264,52,61
16,001,26,f,r,memory_test,295,35,shorts_12s,unseen,,,,no,0.7662006001919508,52,61
16,001,26,f,r,memory_test,296,36,wood_03s,seen,no,low,uncontrolled,yes,0.717703300062567,51,61
16,001,26,f,r,memory_test,297,37,grain_05s,seen,yes,low,controlled,no,0.7486038999632001,51,62
16,001,26,f,r,memory_test,298,38,tattoo_04s,seen,no,high,uncontrolled,yes,0.6552333999425173,51,61
16,001,26,f,r,memory_test,299,39,mannequin_03s,unseen,,,,no,0.7351195998489857,52,61
16,001,26,f,r,memory_test,300,40,bandage_01b,unseen,,,,no,0.6466433997265995,52,61
16,001,26,f,r,memory_test,301,41,dough_17s,seen,yes,low,controlled,yes,0.7963234996423125,51,61
16,001,26,f,r,memory_test,302,42,wallet_05s,seen,no,low,uncontrolled,no,1.139242300298065,51,62
16,001,26,f,r,memory_test,303,43,mixer_03s,seen,no,low,uncontrolled,no,0.6997454999946058,51,62
16,001,26,f,r,memory_test,304,44,nutcracker_06s,seen,no,low,uncontrolled,yes,0.9436853998340666,51,61
16,001,26,f,r,memory_test,305,45,suit_14s,seen,yes,low,controlled,no,0.6831875001080334,51,62
16,001,26,f,r,memory_test,306,46,hula_hoop_16s,seen,yes,high,controlled,yes,0.9721806002780795,51,61
16,001,26,f,r,memory_test,307,47,harness_03s,unseen,,,,no,0.6208317000418901,52,61
16,001,26,f,r,memory_test,308,48,target_14s,unseen,,,,no,0.6149725997820497,52,61
16,001,26,f,r,memory_test,309,49,float_04s,unseen,,,,no,0.5898009999655187,52,61
16,001,26,f,r,memory_test,310,50,cantaloupe_07s,unseen,,,,no,0.6086514997296035,52,61
16,001,26,f,r,memory_test,311,51,pinball_09s,seen,no,low,uncontrolled,yes,0.8917057001963258,51,61
16,001,26,f,r,memory_test,312,52,suspenders_09s,unseen,,,,no,1.3858700999990106,52,61
16,001,26,f,r,memory_test,313,53,touchpad_11s,unseen,,,,no,0.6072912001982331,52,61
16,001,26,f,r,memory_test,314,54,toilet_12s,unseen,,,,no,1.1684185001067817,52,61
16,001,26,f,r,memory_test,315,55,hairnet_07s,seen,yes,low,controlled,yes,0.9071587002836168,51,61
16,001,26,f,r,memory_test,316,56,meatball_14s,seen,no,high,uncontrolled,no,0.965769600123167,51,62
16,001,26,f,r,memory_test,317,57,hobbyhorse_04s,seen,no,high,uncontrolled,no,0.7470790999941528,51,62
16,001,26,f,r,memory_test,318,58,videocassette_07n,seen,yes,high,controlled,no,0.6150915999896824,51,62
16,001,26,f,r,memory_test,319,59,lamb_chop_18s,seen,no,low,uncontrolled,yes,1.0385400000959635,51,61
16,001,26,f,r,memory_test,320,60,salami_08s,unseen,,,,no,0.9262664997950196,52,61
16,001,26,f,r,memory_test,321,61,french_fries_11s,seen,no,low,uncontrolled,no,0.8530976995825768,51,62
16,001,26,f,r,memory_test,322,62,fur_coat_12s,seen,yes,low,controlled,yes,0.8564487998373806,51,61
16,001,26,f,r,memory_test,323,63,football_helmet_05s,unseen,,,,no,0.7275820001959801,52,61
16,001,26,f,r,memory_test,324,64,safety_pin_03s,seen,no,low,uncontrolled,no,0.8980749999172986,51,62
16,001,26,f,r,memory_test,325,65,pesto_07s,seen,no,low,uncontrolled,no,0.7664911998435855,51,62
16,001,26,f,r,memory_test,326,66,saltshaker_08s,unseen,,,,no,0.744533599819988,52,61
16,001,26,f,r,memory_test,327,67,scarecrow_09s,unseen,,,,no,0.7584117003716528,52,61
16,001,26,f,r,memory_test,328,68,chili_11s,seen,no,low,uncontrolled,no,0.8040017001330853,51,62
16,001,26,f,r,memory_test,329,69,refrigerator_11s,seen,yes,high,controlled,yes,0.8276211000047624,51,61
16,001,26,f,r,memory_test,330,70,tack_06s,seen,yes,low,controlled,yes,0.7654846999794245,51,61
16,001,26,f,r,memory_test,331,71,roll_01b,seen,yes,low,controlled,yes,1.2209021002054214,51,61
16,001,26,f,r,memory_test,332,72,cassette_07s,unseen,,,,no,0.7555104000493884,52,61
16,001,26,f,r,memory_test,333,73,coffee_13s,seen,yes,low,controlled,yes,1.197535399813205,51,61
16,001,26,f,r,memory_test,334,74,brick_09s,unseen,,,,yes,1.319120700005442,52,62
16,001,26,f,r,memory_test,335,75,chalk_02s,seen,no,low,uncontrolled,yes,1.0949888001196086,51,61
16,001,26,f,r,memory_test,336,76,blueberry_07s,unseen,,,,no,0.7985687996260822,52,61
16,001,26,f,r,memory_test,337,77,ham_05s,seen,yes,high,controlled,no,0.9112460999749601,51,62
16,001,26,f,r,memory_test,338,78,nail_file_05s,unseen,,,,no,0.7232160000130534,52,61
16,001,26,f,r,memory_test,339,79,pasta_06s,seen,yes,low,controlled,no,0.6395211997441947,51,62
16,001,26,f,r,memory_test,340,80,squeegee_10s,unseen,,,,no,1.0338873001746833,52,61
16,001,26,f,r,memory_test,341,81,jeans_07s,unseen,,,,no,0.9236945998854935,52,61
16,001,26,f,r,memory_test,342,82,hotdog_03s,seen,no,low,uncontrolled,no,0.6498408000916243,51,62
16,001,26,f,r,memory_test,343,83,card_07s,unseen,,,,no,0.7466255999170244,52,61
16,001,26,f,r,memory_test,344,84,peach_09n,seen,no,high,uncontrolled,no,0.6409092000685632,51,62
16,001,26,f,r,memory_test,345,85,ginger_10s,unseen,,,,no,0.7104755002073944,52,61
16,001,26,f,r,memory_test,346,86,bowler_hat_03s,unseen,,,,no,0.5896556000225246,52,61
16,001,26,f,r,memory_test,347,87,nest_01b,unseen,,,,no,0.5778425997123122,52,61
16,001,26,f,r,memory_test,348,88,skirt_02s,seen,yes,high,controlled,yes,0.8567523998208344,51,61
16,001,26,f,r,memory_test,349,89,waffle_17s,unseen,,,,no,0.8867563996464014,52,61
16,001,26,f,r,memory_test,350,90,kilt_11s,unseen,,,,no,0.859592099674046,52,61
16,001,26,f,r,memory_test,351,91,swab_02s,unseen,,,,no,0.6844211001880467,52,61
16,001,26,f,r,memory_test,352,92,limousine_10s,seen,yes,low,controlled,no,0.6049140002578497,51,62
16,001,26,f,r,memory_test,353,93,sarcophagus_08s,seen,yes,low,controlled,yes,0.7484172000549734,51,61
16,001,26,f,r,memory_test,354,94,tiramisu_12s,seen,no,low,uncontrolled,no,0.8630788000300527,51,62
16,001,26,f,r,memory_test,355,95,inhaler_12s,unseen,,,,no,0.6735311998054385,52,61
16,001,26,f,r,memory_test,356,96,cork_10s,seen,no,low,uncontrolled,no,0.9925090000033379,51,62
16,001,26,f,r,memory_test,357,97,hot_chocolate_12s,seen,yes,low,controlled,no,1.0507805002853274,51,62
16,001,26,f,r,memory_test,358,98,tortilla_04s,unseen,,,,no,0.7256606002338231,52,61
16,001,26,f,r,memory_test,359,99,butter_06s,unseen,,,,no,0.6964680003002286,52,61
16,001,26,f,r,memory_test,360,100,nail_polish_03s,unseen,,,,no,0.7397486004047096,52,61
16,001,26,f,r,memory_test,361,101,snowball_01b,seen,no,high,uncontrolled,yes,3.865263700019568,51,61
16,001,26,f,r,memory_test,362,102,bathrobe_07s,unseen,,,,no,0.7966129002161324,52,61
16,001,26,f,r,memory_test,363,103,cross_05s,unseen,,,,no,0.7362492000684142,52,61
16,001,26,f,r,memory_test,364,104,peppermint_02s,seen,no,low,uncontrolled,no,0.5561408000066876,51,62
16,001,26,f,r,memory_test,365,105,birthday_cake_12s,seen,no,high,uncontrolled,no,0.6247078003361821,51,62
16,001,26,f,r,memory_test,366,106,lego_12s,seen,no,low,uncontrolled,no,0.4965284001082182,51,62
16,001,26,f,r,memory_test,367,107,chocolate_11s,unseen,,,,no,1.017025999724865,52,61
16,001,26,f,r,memory_test,368,108,bench_16n,unseen,,,,no,0.6509747002273798,52,61
16,001,26,f,r,memory_test,369,109,emerald_08n,seen,yes,low,controlled,no,0.5081063001416624,51,62
16,001,26,f,r,memory_test,370,110,asparagus_07s,unseen,,,,no,0.5113396001979709,52,61
16,001,26,f,r,memory_test,371,111,ketchup_10s,unseen,,,,no,0.5342077002860606,52,61
16,001,26,f,r,memory_test,372,112,fingerprint_01b,seen,yes,high,controlled,no,0.4396031000651419,51,62
16,001,26,f,r,memory_test,373,113,undershirt_04s,seen,yes,low,controlled,no,0.43659939989447594,51,62
16,001,26,f,r,memory_test,374,114,sleeping_bag_09s,unseen,,,,no,0.5206895000301301,52,61
16,001,26,f,r,memory_test,375,115,peanut_butter_07s,unseen,,,,no,0.6806719996966422,52,61
16,001,26,f,r,memory_test,376,116,bracket_05s,unseen,,,,no,0.6180153000168502,52,61
16,001,26,f,r,memory_test,377,117,ice_pack_10s,unseen,,,,no,0.7389385998249054,52,61
16,001,26,f,r,memory_test,378,118,sausage_08s,seen,yes,high,controlled,yes,0.8428901000879705,51,61
16,001,26,f,r,memory_test,379,119,vest_09s,unseen,,,,no,0.537279499694705,52,61
16,001,26,f,r,memory_test,380,120,shears_03s,unseen,,,,no,0.6635892000049353,52,61
16,001,26,f,r,memory_test,381,121,coaster_08s,unseen,,,,no,0.493563299998641,52,61
16,001,26,f,r,memory_test,382,122,ticktacktoe_09s,seen,yes,high,controlled,yes,0.7130326996557415,51,61
16,001,26,f,r,memory_test,383,123,pencil_10s,unseen,,,,no,1.0155189000070095,52,61
16,001,26,f,r,memory_test,384,124,costume_08s,seen,no,high,uncontrolled,yes,0.6979955001734197,51,61
16,001,26,f,r,memory_test,385,125,dishrag_10s,unseen,,,,no,0.6177524998784065,52,61
16,001,26,f,r,memory_test,386,126,sofa_bed_13s,unseen,,,,no,0.6486277999356389,52,61
16,001,26,f,r,memory_test,387,127,leotard_13s,seen,no,low,uncontrolled,yes,0.9415397001430392,51,61
16,001,26,f,r,memory_test,388,128,dreidel_13s,seen,yes,high,controlled,no,0.6709814998321235,51,62
16,001,26,f,r,memory_test,389,129,dumpling_13s,seen,no,low,uncontrolled,yes,0.8169239000417292,51,61
16,001,26,f,r,memory_test,390,130,string_cheese_01b,seen,yes,low,controlled,no,0.7017605998553336,51,62
16,001,26,f,r,memory_test,391,131,meatloaf_09s,unseen,,,,no,0.6116017000749707,52,61
16,001,26,f,r,memory_test,392,132,hairbrush_08s,unseen,,,,no,0.5159925003536046,52,61
16,001,26,f,r,memory_test,393,133,mop_01b,unseen,,,,no,0.4966465001925826,52,61
16,001,26,f,r,memory_test,394,134,shopping_basket_05s,seen,no,high,uncontrolled,yes,0.6815911000594497,51,61
16,001,26,f,r,memory_test,395,135,visor_13s,unseen,,,,no,0.6345627997070551,52,61
16,001,26,f,r,memory_test,396,136,punching_bag_09s,unseen,,,,no,0.7621967000886798,52,61
16,001,26,f,r,memory_test,397,137,pacifier_04s,unseen,,,,no,0.5522591001354158,52,61
16,001,26,f,r,memory_test,398,138,quesadilla_02s,unseen,,,,no,0.5772625003010035,52,61
16,001,26,f,r,memory_test,399,139,turtleneck_10s,unseen,,,,no,0.5609411997720599,52,61
16,001,26,f,r,memory_test,400,140,contact_lens_13s,seen,yes,high,controlled,yes,1.1113315001130104,51,61
16,001,26,f,r,memory_test,401,141,crutch_11s,unseen,,,,no,0.711811900138855,52,61
16,001,26,f,r,memory_test,402,142,pet_food_04s,unseen,,,,no,0.83447640016675,52,61
16,001,26,f,r,memory_test,403,143,snorkel_05s,seen,yes,low,controlled,no,0.6359237995930016,51,62
16,001,26,f,r,memory_test,404,144,clothespin_08s,seen,yes,high,controlled,no,0.9177454002201557,51,62
16,001,26,f,r,memory_test,405,145,hydrant_12s,seen,yes,high,controlled,yes,0.8247365998104215,51,61
16,001,26,f,r,memory_test,406,146,vacuum_04s,seen,yes,low,controlled,yes,0.984791100025177,51,61
16,001,26,f,r,memory_test,407,147,headdress_11s,seen,no,low,uncontrolled,yes,1.3007604000158608,51,61
16,001,26,f,r,memory_test,408,148,robe_10s,unseen,,,,no,0.9976292001083493,52,61
16,001,26,f,r,memory_test,409,149,noisemaker_05s,unseen,,,,no,0.7040976001881063,52,61
16,001,26,f,r,memory_test,410,150,taffy_08s,seen,yes,low,controlled,yes,1.132253599818796,51,61
16,001,26,f,r,memory_test,411,151,filing_cabinet_07s,unseen,,,,no,0.6650301003828645,52,61
16,001,26,f,r,memory_test,412,152,sorbet_07s,unseen,,,,no,0.709846000187099,52,61
16,001,26,f,r,memory_test,413,153,teabag_09s,seen,no,low,uncontrolled,no,0.3444694001227617,51,62
16,001,26,f,r,memory_test,414,154,curling_iron_03s,seen,no,high,uncontrolled,no,0.4346920996904373,51,62
16,001,26,f,r,memory_test,415,155,pancake_08s,seen,yes,high,controlled,no,0.35454960027709603,51,62
16,001,26,f,r,memory_test,416,156,pencil_sharpener_11s,unseen,,,,no,0.570945399813354,52,61
16,001,26,f,r,memory_test,417,157,bun_07s,unseen,,,,no,0.5572553002275527,52,61
16,001,26,f,r,memory_test,418,158,locker_12s,unseen,,,,no,0.5820706998929381,52,61
16,001,26,f,r,memory_test,419,159,applesauce_05s,unseen,,,,no,0.42729560006409883,52,61
16,001,26,f,r,memory_test,420,160,mullet_03s,seen,yes,low,controlled,no,0.31675830017775297,51,62
16,001,26,f,r,memory_test,421,161,breadstick_14s,seen,no,high,uncontrolled,no,0.3345698001794517,51,62
16,001,26,f,r,memory_test,422,162,faucet_09s,unseen,,,,no,0.7007376998662949,52,61
16,001,26,f,r,memory_test,423,163,guacamole_14s,unseen,,,,no,0.32555839978158474,52,61
16,001,26,f,r,memory_test,424,164,creme_brulee_07s,seen,yes,low,controlled,no,0.35859710024669766,51,62
16,001,26,f,r,memory_test,425,165,wing_03s,unseen,,,,no,0.29532309994101524,52,61
16,001,26,f,r,memory_test,426,166,candy_cane_06s,unseen,,,,no,0.3060266999527812,52,61
16,001,26,f,r,memory_test,427,167,biscuit_09s,seen,no,high,uncontrolled,no,0.417438100092113,51,62
16,001,26,f,r,memory_test,428,168,belt_buckle_14s,seen,no,high,uncontrolled,no,0.35336280008777976,51,62
16,001,26,f,r,memory_test,429,169,bikini_09s,unseen,,,,no,0.581642400007695,52,61
16,001,26,f,r,memory_test,430,170,washing_machine_06s,unseen,,,,no,0.7194844000041485,52,61
16,001,26,f,r,memory_test,431,171,jersey_07s,seen,yes,low,controlled,no,0.3477753000333905,51,62
16,001,26,f,r,memory_test,432,172,throne_02s,seen,no,high,uncontrolled,yes,2.0473654000088573,51,61
16,001,26,f,r,memory_test,433,173,trap_07s,seen,no,low,uncontrolled,yes,1.6227521998807788,51,61
16,001,26,f,r,memory_test,434,174,pocket_01b,seen,yes,low,controlled,yes,0.7980352998711169,51,61
16,001,26,f,r,memory_test,435,175,egg_15s,seen,yes,high,controlled,no,0.7841971996240318,51,62
16,001,26,f,r,memory_test,436,176,pan_15s,seen,no,high,uncontrolled,no,0.8968826998025179,51,62
16,001,26,f,r,memory_test,437,177,batter_04s,seen,yes,low,controlled,no,0.7546453000977635,51,62
16,001,26,f,r,memory_test,438,178,pie_02s,unseen,,,,no,0.5675435001030564,52,61
16,001,26,f,r,memory_test,439,179,shoelace_06s,seen,no,low,uncontrolled,no,0.5671811997890472,51,62
16,001,26,f,r,memory_test,440,180,clasp_03s,unseen,,,,no,0.574205500073731,52,61
16,001,26,f,r,memory_test,441,181,glove_11s,unseen,,,,no,0.4897847003303468,52,61
16,001,26,f,r,memory_test,442,182,crucifix_09s,seen,no,low,uncontrolled,yes,0.7732402998954058,51,61
16,001,26,f,r,memory_test,443,183,handprint_12s,unseen,,,,yes,1.1131898001767695,52,62
16,001,26,f,r,memory_test,444,184,cufflink_05s,unseen,,,,no,0.5258391997776926,52,61
16,001,26,f,r,memory_test,445,185,figurine_11s,seen,no,low,uncontrolled,no,0.6962252003140748,51,62
16,001,26,f,r,memory_test,446,186,pill_04s,unseen,,,,no,0.37235220009461045,52,61
16,001,26,f,r,memory_test,447,187,wetsuit_09s,seen,yes,high,controlled,no,0.4103638003580272,51,62
16,001,26,f,r,memory_test,448,188,earplug_01b,unseen,,,,no,0.5551267000846565,52,61
16,001,26,f,r,memory_test,449,189,pliers_10s,seen,yes,high,controlled,no,0.45732610020786524,51,62
16,001,26,f,r,memory_test,450,190,sponge_02s,unseen,,,,no,0.4429203001782298,52,61
16,001,26,f,r,memory_test,451,191,marshmallow_12s,seen,yes,low,controlled,no,0.3224998996593058,51,62
16,001,26,f,r,memory_test,452,192,mashed_potato_05s,unseen,,,,no,0.6125551001168787,52,61
16,001,26,f,r,memory_test,453,193,boot_09s,seen,yes,low,controlled,no,0.42656629998236895,51,62
16,001,26,f,r,memory_test,454,194,water_heater_01b,unseen,,,,no,0.5990830999799073,52,61
16,001,26,f,r,memory_test,455,195,container_04s,seen,yes,high,controlled,yes,0.6911879000253975,51,61
16,001,26,f,r,memory_test,456,196,banana_peel_14s,unseen,,,,no,0.8048069002106786,52,61
16,001,26,f,r,memory_test,457,197,lip_balm_08s,seen,yes,high,controlled,yes,1.0465314998291433,51,61
16,001,26,f,r,memory_test,458,198,mitten_08s,seen,no,high,uncontrolled,no,1.0815988997928798,51,62
16,001,26,f,r,memory_test,459,199,holster_09s,unseen,,,,no,0.7634535999968648,52,61
16,001,26,f,r,memory_test,460,200,whisk_04s,unseen,,,,no,0.5381825999356806,52,61
16,001,26,f,r,memory_test,461,201,pipe1_10s,unseen,,,,no,0.9409556998871267,52,61
16,001,26,f,r,memory_test,462,202,prune_04s,unseen,,,,no,0.45225950004532933,52,61
16,001,26,f,r,memory_test,463,203,blindfold_16s,unseen,,,,no,0.35752590000629425,52,61
16,001,26,f,r,memory_test,464,204,yo-yo_12s,unseen,,,,no,0.44039889983832836,52,61
16,001,26,f,r,memory_test,465,205,football_04s,seen,no,low,uncontrolled,no,0.4043355998583138,51,62
16,001,26,f,r,memory_test,466,206,egg_roll_07n,unseen,,,,no,0.5145942000672221,52,61
16,001,26,f,r,memory_test,467,207,pillbox_13s,seen,yes,low,controlled,no,0.4872514996677637,51,62
16,001,26,f,r,memory_test,468,208,goggles_07s,unseen,,,,no,0.46471499977633357,52,61
16,001,26,f,r,memory_test,469,209,fishhook_09s,seen,no,low,uncontrolled,no,0.4497174001298845,51,62
16,001,26,f,r,memory_test,470,210,flipper_12s,seen,no,high,uncontrolled,yes,0.909219500143081,51,61
16,001,26,f,r,memory_test,471,211,juicer1_09s,unseen,,,,yes,0.6417686999775469,52,62
16,001,26,f,r,memory_test,472,212,skewer_09s,unseen,,,,yes,0.8494142997078598,52,62
16,001,26,f,r,memory_test,473,213,spacesuit_12s,unseen,,,,no,0.5830791997723281,52,61
16,001,26,f,r,memory_test,474,214,macaroni_11s,unseen,,,,no,0.6151078003458679,52,61
16,001,26,f,r,memory_test,475,215,doorknocker_08s,seen,yes,high,controlled,yes,0.7626066999509931,51,61
16,001,26,f,r,memory_test,476,216,burrito_05s,seen,no,low,uncontrolled,yes,0.9498126995749772,51,61
16,001,26,f,r,memory_test,477,217,rollerskate_12s,unseen,,,,no,0.7976671997457743,52,61
16,001,26,f,r,memory_test,478,218,french_horn_05s,seen,no,high,uncontrolled,yes,0.8144541000947356,51,61
16,001,26,f,r,memory_test,479,219,bubble_wrap_11s,unseen,,,,yes,0.7010414004325867,52,62
16,001,26,f,r,memory_test,480,220,saxophone_07s,seen,yes,high,controlled,yes,0.7302500000223517,51,61
16,001,26,f,r,memory_test,481,221,toothpick_14n,seen,no,low,uncontrolled,yes,0.7038711998611689,51,61
16,001,26,f,r,memory_test,482,222,sushi_08s,seen,no,low,uncontrolled,yes,0.7415201999247074,51,61
16,001,26,f,r,memory_test,483,223,corset_09s,seen,yes,high,controlled,yes,0.7878572000190616,51,61
16,001,26,f,r,memory_test,484,224,jigsaw_puzzle_09s,seen,no,low,uncontrolled,no,0.7693388997577131,51,62
16,001,26,f,r,memory_test,485,225,chicken1_08s,seen,yes,high,controlled,no,0.7287232000380754,51,62
16,001,26,f,r,memory_test,486,226,seismograph_06s,seen,no,low,uncontrolled,no,0.36724269995465875,51,62
16,001,26,f,r,memory_test,487,227,javelin_01s,seen,yes,low,controlled,no,0.4248333000577986,51,62
16,001,26,f,r,memory_test,488,228,rice_04s,unseen,,,,no,0.3572145998477936,52,61
16,001,26,f,r,memory_test,489,229,shortbread_08s,unseen,,,,no,0.47770070005208254,52,61
16,001,26,f,r,memory_test,490,230,windsock_09s,seen,no,high,uncontrolled,no,0.3852613000199199,51,62
16,001,26,f,r,memory_test,491,231,backscratcher_12s,seen,yes,low,controlled,no,0.28057010006159544,51,62
16,001,26,f,r,memory_test,492,232,taco_01b,unseen,,,,no,0.2903742999769747,52,61
16,001,26,f,r,memory_test,493,233,urinal_10s,unseen,,,,no,0.24850960029289126,52,61
16,001,26,f,r,memory_test,494,234,bulletproof_vest_03s,seen,yes,high,controlled,no,0.24800179991871119,51,62
16,001,26,f,r,memory_test,495,235,footrest_01b,seen,yes,low,controlled,no,0.2574810003861785,51,62
16,001,26,f,r,memory_test,496,236,wooden_leg_02s,unseen,,,,yes,0.7065534996800125,52,62
16,001,26,f,r,memory_test,497,237,toothbrush_12s,unseen,,,,yes,0.7925320998765528,52,62
16,001,26,f,r,memory_test,498,238,retainer_08s,unseen,,,,no,0.8015863997861743,52,61
16,001,26,f,r,memory_test,499,239,toothpaste_10s,unseen,,,,no,0.3055977001786232,52,61
16,001,26,f,r,memory_test,500,240,stair_16s,unseen,,,,no,0.3425368997268379,52,61
16,001,26,f,r,memory_test,501,241,jelly_bean_13n,seen,no,high,uncontrolled,no,0.36110279988497496,51,62
16,001,26,f,r,memory_test,502,242,swimsuit_08s,seen,yes,high,controlled,no,0.2943018996156752,51,62
16,001,26,f,r,memory_test,503,243,coin_15s,seen,no,low,uncontrolled,no,0.8482069000601768,51,62
16,001,26,f,r,memory_test,504,244,solar_panel_04s,seen,yes,low,controlled,yes,0.6263846000656486,51,61
16,001,26,f,r,memory_test,505,245,exerciser_05s,seen,no,low,uncontrolled,yes,0.47854459984228015,51,61
16,001,26,f,r,memory_test,506,246,olive_12s,unseen,,,,yes,0.5798557000234723,52,62
16,001,26,f,r,memory_test,507,247,patty_09s,unseen,,,,no,0.7799300998449326,52,61
16,001,26,f,r,memory_test,508,248,cellphone_11s,seen,no,low,uncontrolled,no,0.5563567997887731,51,62
16,001,26,f,r,memory_test,509,249,spaghetti_07s,unseen,,,,no,0.5634441999718547,52,61
16,001,26,f,r,memory_test,510,250,origami_03s,seen,yes,low,controlled,no,0.5561282997950912,51,62
16,001,26,f,r,memory_test,511,251,thumbtack_15n,seen,yes,high,controlled,no,0.4294422999955714,51,62
16,001,26,f,r,memory_test,512,252,sewage_01b,unseen,,,,no,0.6266771997325122,52,61
16,001,26,f,r,memory_test,513,253,frisbee_04s,unseen,,,,no,0.5936423996463418,52,61
16,001,26,f,r,memory_test,514,254,air_mattress_13s,unseen,,,,no,0.5503044999204576,52,61
16,001,26,f,r,memory_test,515,255,tamale_13s,seen,yes,low,controlled,no,0.512790699955076,51,62
16,001,26,f,r,memory_test,516,256,hot-water_bottle_05s,seen,yes,low,controlled,no,0.7290943004190922,51,62
16,001,26,f,r,memory_test,517,257,robot_14s,seen,yes,low,controlled,no,0.6203753002919257,51,62
16,001,26,f,r,memory_test,518,258,straw2_09s,unseen,,,,no,0.7145475000143051,52,61
16,001,26,f,r,memory_test,519,259,fishnet_stockings_14s,seen,no,high,uncontrolled,yes,0.6870447001419961,51,61
16,001,26,f,r,memory_test,520,260,pickle_09s,seen,no,high,uncontrolled,no,0.5936714000999928,51,62
16,001,26,f,r,memory_test,521,261,paperclip_07s,seen,no,high,uncontrolled,no,0.37053139973431826,51,62
16,001,26,f,r,memory_test,522,262,sock_13s,seen,no,low,uncontrolled,no,0.43367870012298226,51,62
16,001,26,f,r,memory_test,523,263,blower_10s,seen,no,high,uncontrolled,yes,0.7432249998673797,51,61
16,001,26,f,r,memory_test,524,264,coffee_filter_05s,seen,no,high,uncontrolled,no,0.7229904998093843,51,62
16,001,26,f,r,memory_test,525,265,sweet_potato_07s,unseen,,,,no,0.42933169985190034,52,61
16,001,26,f,r,memory_test,526,266,flan_02s,seen,no,high,uncontrolled,no,0.5413422998972237,51,62
16,001,26,f,r,memory_test,527,267,baklava_11s,seen,yes,high,controlled,no,0.5624959003180265,51,62
16,001,26,f,r,memory_test,528,268,fruitcake_05s,unseen,,,,no,0.961485099978745,52,61
16,001,26,f,r,memory_test,529,269,battery_10s,unseen,,,,no,0.46269109984859824,52,61
16,001,26,f,r,memory_test,530,270,toga_04s,unseen,,,,no,0.711387800052762,52,61
16,001,26,f,r,memory_test,531,271,tab_09s,unseen,,,,no,0.39428709959611297,52,61
16,001,26,f,r,memory_test,532,272,cloak_13s,unseen,,,,no,0.2858295999467373,52,61
16,001,26,f,r,memory_test,533,273,paint_01b,seen,no,high,uncontrolled,no,0.3570296000689268,51,62
16,001,26,f,r,memory_test,534,274,trombone_14s,seen,yes,low,controlled,no,0.3709730999544263,51,62
16,001,26,f,r,memory_test,535,275,cape_06s,seen,no,low,uncontrolled,no,0.3156369002535939,51,62
16,001,26,f,r,memory_test,536,276,pizza_03s,seen,no,high,uncontrolled,no,0.7526072999462485,51,62
16,001,26,f,r,memory_test,537,277,toilet_paper_07s,unseen,,,,no,0.4076125998981297,52,61
16,001,26,f,r,memory_test,538,278,ice_cream_10s,unseen,,,,no,0.3675387999974191,52,61
16,001,26,f,r,memory_test,539,279,hanger_13n,seen,yes,low,controlled,no,0.39618679974228144,51,62
16,001,26,f,r,memory_test,540,280,chopsticks_04s,unseen,,,,no,0.30576599994674325,52,61
16,001,26,f,r,memory_test,541,281,ruby_14s,seen,no,low,uncontrolled,no,0.30374350026249886,51,62
16,001,26,f,r,memory_test,542,282,cigarette_15s,unseen,,,,no,0.31963640032336116,52,61
16,001,26,f,r,memory_test,543,283,bin_01b,seen,yes,high,controlled,no,0.30232679983600974,51,62
16,001,26,f,r,memory_test,544,284,cardigan_11s,unseen,,,,no,0.2997280000708997,52,61
16,001,26,f,r,memory_test,545,285,test_tube_17s,unseen,,,,no,0.5868080002255738,52,61
16,001,26,f,r,memory_test,546,286,plum_08s,unseen,,,,no,0.3292434001341462,52,61
16,001,26,f,r,memory_test,547,287,pistachio_11s,unseen,,,,no,0.26074810000136495,52,61
16,001,26,f,r,memory_test,548,288,yolk_11s,unseen,,,,no,0.33364570001140237,52,61
16,001,26,f,r,memory_test,549,289,gavel_02s,unseen,,,,no,0.30943729961290956,52,61
16,001,26,f,r,memory_test,550,290,nail_clippers_05s,unseen,,,,no,0.29635699978098273,52,61
16,001,26,f,r,memory_test,551,291,barrette_09s,seen,yes,low,controlled,yes,0.6694915997795761,51,61
16,001,26,f,r,memory_test,552,292,raisin_14s,unseen,,,,yes,0.6462065000087023,52,62
16,001,26,f,r,memory_test,553,293,lab_coat_04s,unseen,,,,no,0.48443689988926053,52,61
16,001,26,f,r,memory_test,554,294,paintbrush_02s,unseen,,,,no,0.3469859999604523,52,61
16,001,26,f,r,memory_test,555,295,cheese_07s,unseen,,,,no,0.5286004999652505,52,61
16,001,26,f,r,memory_test,556,296,tortellini_06s,unseen,,,,no,0.3221188001334667,52,61
16,001,26,f,r,memory_test,557,297,electric_chair_11s,seen,yes,low,controlled,no,0.3586263000033796,51,62
16,001,26,f,r,memory_test,558,298,garter_02s,seen,no,high,uncontrolled,yes,0.5965189998969436,51,61
16,001,26,f,r,memory_test,559,299,footbath_02s,seen,yes,low,controlled,yes,0.563425499945879,51,61
16,001,26,f,r,memory_test,560,300,cornbread_01b,unseen,,,,yes,0.7296552998013794,52,62
16,001,26,f,r,memory_test,561,301,ukulele_14s,seen,yes,low,controlled,no,0.42851380025967956,51,62
16,001,26,f,r,memory_test,562,302,tomato_sauce_14s,seen,no,high,uncontrolled,no,0.33131409995257854,51,62
16,001,26,f,r,memory_test,563,303,pants_11s,unseen,,,,yes,0.5041648996993899,52,62
16,001,26,f,r,memory_test,564,304,bagel_11s,unseen,,,,yes,0.3722092998214066,52,62
16,001,26,f,r,memory_test,565,305,glue_11s,seen,no,low,uncontrolled,no,0.5712033999152482,51,62
16,001,26,f,r,memory_test,566,306,piecrust_13s,unseen,,,,yes,0.5480185998603702,52,62
16,001,26,f,r,memory_test,567,307,pantsuit_07s,unseen,,,,no,0.3915226999670267,52,61
16,001,26,f,r,memory_test,568,308,belt_14s,seen,no,high,uncontrolled,yes,0.5041412003338337,51,61
16,001,26,f,r,memory_test,569,309,dice_14s,seen,no,high,uncontrolled,no,0.26383720012381673,51,62
16,001,26,f,r,memory_test,570,310,turban_02s,seen,yes,high,controlled,no,0.2480411003343761,51,62
16,001,26,f,r,memory_test,571,311,comic_book_08s,seen,no,high,uncontrolled,yes,0.8281187997199595,51,61
16,001,26,f,r,memory_test,572,312,cashew_11s,unseen,,,,yes,0.40929439989849925,52,62
16,001,26,f,r,memory_test,573,313,blimp_08n,unseen,,,,no,0.6883620000444353,52,61
16,001,26,f,r,memory_test,574,314,veil_01s,seen,yes,high,controlled,yes,0.75288480008021,51,61
16,001,26,f,r,memory_test,575,315,hamburger_10s,unseen,,,,no,0.5395105998031795,52,61
16,001,26,f,r,memory_test,576,316,tube_top_10s,unseen,,,,no,0.5997521998360753,52,61
16,001,26,f,r,memory_test,577,317,corn_14s,seen,yes,high,controlled,no,0.32842239970341325,51,62
16,001,26,f,r,memory_test,578,318,headset_09s,seen,no,high,uncontrolled,no,0.30107099981978536,51,62
16,001,26,f,r,memory_test,579,319,iceskate_07s,seen,no,high,uncontrolled,no,0.3366105002351105,51,62
16,001,26,f,r,memory_test,580,320,marker_08s,seen,no,high,uncontrolled,no,0.5461931996978819,51,62
16,001,26,f,r,memory_test,581,321,boxing_gloves_05s,unseen,,,,no,0.34599930001422763,52,61
16,001,26,f,r,memory_test,582,322,step_stool_06s,seen,no,low,uncontrolled,no,0.3296997998841107,51,62
16,001,26,f,r,memory_test,583,323,lingerie_06s,seen,yes,high,controlled,no,0.336224100086838,51,62
16,001,26,f,r,memory_test,584,324,wrench_04s,unseen,,,,yes,0.5052208001725376,52,62
16,001,26,f,r,memory_test,585,325,gumball_02s,unseen,,,,yes,0.4932709001004696,52,62
16,001,26,f,r,memory_test,586,326,peanut_12s,seen,yes,low,controlled,yes,0.5430475999601185,51,61
16,001,26,f,r,memory_test,587,327,cheeseburger_12s,seen,no,low,uncontrolled,no,0.7084030001424253,51,62
16,001,26,f,r,memory_test,588,328,coffin_06s,unseen,,,,no,0.35838889982551336,52,61
16,001,26,f,r,memory_test,589,329,slot_machine_05s,seen,yes,high,controlled,no,0.34283020021393895,51,62
16,001,26,f,r,memory_test,590,330,trampoline_01b,unseen,,,,no,0.6132732997648418,52,61
16,001,26,f,r,memory_test,591,331,crouton_12s,unseen,,,,no,0.4146322999149561,52,61
16,001,26,f,r,memory_test,592,332,orange_rind_15s,seen,yes,high,controlled,no,0.31164309987798333,51,62
16,001,26,f,r,memory_test,593,333,kazoo_08s,unseen,,,,no,0.3827774003148079,52,61
16,001,26,f,r,memory_test,594,334,squirt_gun_15s,seen,no,high,uncontrolled,no,0.3338884999975562,51,62
16,001,26,f,r,memory_test,595,335,light_switch_17s,seen,no,high,uncontrolled,no,0.9873240999877453,51,62
16,001,26,f,r,memory_test,596,336,seesaw_03s,unseen,,,,no,0.3176839998923242,52,61
16,001,26,f,r,memory_test,597,337,magnet_12s,seen,yes,low,controlled,no,0.3220263998955488,51,62
16,001,26,f,r,memory_test,598,338,mouthpiece_01s,unseen,,,,no,0.3233543001115322,52,61
16,001,26,f,r,memory_test,599,339,bead_13s,unseen,,,,no,0.27987660001963377,52,61
16,001,26,f,r,memory_test,600,340,spur_10s,unseen,,,,no,0.22079090029001236,52,61
16,001,26,f,r,memory_test,601,341,cornhusk_03s,unseen,,,,no,0.3305538999848068,52,61
16,001,26,f,r,memory_test,602,342,honeycomb_08s,unseen,,,,no,0.31004130002111197,52,61
16,001,26,f,r,memory_test,603,343,ravioli_15s,seen,yes,high,controlled,no,0.2938151000998914,51,62
16,001,26,f,r,memory_test,604,344,dip_04s,seen,no,low,uncontrolled,no,0.3214968000538647,51,62
16,001,26,f,r,memory_test,605,345,spam_01b,seen,yes,low,controlled,no,0.27672989992424846,51,62
16,001,26,f,r,memory_test,606,346,unicycle_03s,unseen,,,,no,0.34865490021184087,52,61
16,001,26,f,r,memory_test,607,347,wafer_08s,seen,no,high,uncontrolled,no,0.14795539993792772,51,62
16,001,26,f,r,memory_test,608,348,braid_09s,unseen,,,,no,0.3037741999141872,52,61
16,001,26,f,r,memory_test,609,349,outlet_02s,unseen,,,,no,0.29994399985298514,52,61
16,001,26,f,r,memory_test,610,350,pajamas_13s,seen,no,high,uncontrolled,no,0.3631020002067089,51,62
16,001,26,f,r,memory_test,611,351,easter_egg_12s,unseen,,,,no,0.549515999853611,52,61
16,001,26,f,r,memory_test,612,352,eyeliner_10s,seen,yes,low,controlled,yes,0.7828051997348666,51,61
16,001,26,f,r,memory_test,613,353,insole_02s,unseen,,,,no,0.6266711996868253,52,61
16,001,26,f,r,memory_test,614,354,nail_08s,seen,yes,high,controlled,no,0.5248863999731839,51,62
16,001,26,f,r,memory_test,615,355,apron_10s,seen,yes,high,controlled,no,0.9153116000816226,51,62
16,001,26,f,r,memory_test,616,356,eye_patch_11s,seen,yes,low,controlled,yes,0.652908899821341,51,61
16,001,26,f,r,memory_test,617,357,ironing_board_01b,seen,yes,high,controlled,yes,0.8860124000348151,51,61
16,001,26,f,r,memory_test,618,358,bunkbed_06s,unseen,,,,yes,0.5796818998642266,52,62
16,001,26,f,r,memory_test,619,359,bow1_01b,unseen,,,,no,0.7780126999132335,52,61
16,001,26,f,r,memory_test,620,360,cummerbund_15s,unseen,,,,yes,0.6829772000201046,52,62
16,001,26,f,r,memory_test,621,361,beanbag_13s,unseen,,,,no,0.6177651998586953,52,61
16,001,26,f,r,memory_test,622,362,joystick_02s,seen,yes,high,controlled,no,0.350951099768281,51,62
16,001,26,f,r,memory_test,623,363,harp_05s,unseen,,,,no,0.3545547001995146,52,61
16,001,26,f,r,memory_test,624,364,sim_card_10s,unseen,,,,no,0.3636964997276664,52,61
16,001,26,f,r,memory_test,625,365,sweater_13s,unseen,,,,no,0.3030350999906659,52,61
16,001,26,f,r,memory_test,626,366,keyboard_15s,seen,no,high,uncontrolled,no,0.2769017000682652,51,62
16,001,26,f,r,memory_test,627,367,clipper1_01s,unseen,,,,no,0.29609049996361136,52,61
16,001,26,f,r,memory_test,628,368,coverall_11s,seen,no,low,uncontrolled,no,0.29706749971956015,51,62
16,001,26,f,r,memory_test,629,369,peg_08s,unseen,,,,no,0.2995517002418637,52,61
16,001,26,f,r,memory_test,630,370,cookie_cutter_09s,unseen,,,,no,0.2781469002366066,52,61
16,001,26,f,r,memory_test,631,371,headscarf_07s,seen,yes,high,controlled,no,0.09165759989991784,51,62
16,001,26,f,r,memory_test,632,372,t-shirt_06s,seen,yes,high,controlled,no,0.3298662002198398,51,62
16,001,26,f,r,memory_test,633,373,tent_12s,seen,yes,high,controlled,yes,0.5220166998915374,51,61
16,001,26,f,r,memory_test,634,374,mouse2_09s,seen,no,high,uncontrolled,yes,0.4003125997260213,51,61
16,001,26,f,r,memory_test,635,375,boa_02s,unseen,,,,no,0.1835467000491917,52,61
16,001,26,f,r,memory_test,636,376,block_15s,unseen,,,,no,0.3566608000546694,52,61
16,001,26,f,r,memory_test,637,377,kimono_06s,unseen,,,,no,0.36484899977222085,52,61
16,001,26,f,r,memory_test,638,378,staple_06s,seen,no,high,uncontrolled,no,0.3336928002536297,51,62
16,001,26,f,r,memory_test,639,379,pin_12s,seen,no,high,uncontrolled,yes,0.6933352998457849,51,61
16,001,26,f,r,memory_test,640,380,dumpster_02s,unseen,,,,yes,0.5181085001677275,52,62
16,001,26,f,r,memory_test,641,381,quiche_11s,unseen,,,,no,0.7598560000769794,52,61
16,001,26,f,r,memory_test,642,382,pallet_11s,unseen,,,,no,0.3033942999318242,52,61
16,001,26,f,r,memory_test,643,383,screw_05s,unseen,,,,no,0.3495053998194635,52,61
16,001,26,f,r,memory_test,644,384,money_14s,seen,no,low,uncontrolled,no,0.36448349989950657,51,62
16,001,26,f,r,memory_test,645,385,microscope_14n,unseen,,,,no,0.3012462998740375,52,61
16,001,26,f,r,memory_test,646,386,grater_03s,seen,yes,low,controlled,no,0.2991809002123773,51,62
16,001,26,f,r,memory_test,647,387,bib_13n,unseen,,,,yes,0.5406981999985874,52,62
16,001,26,f,r,memory_test,648,388,stamp1_05s,seen,no,high,uncontrolled,no,0.2664029998704791,51,62
16,001,26,f,r,memory_test,649,389,riser_11s,unseen,,,,yes,0.3413239000365138,52,62
16,001,26,f,r,memory_test,650,390,croissant_13s,unseen,,,,no,0.2721408000215888,52,61
16,001,26,f,r,memory_test,651,391,piggy_bank_01b,seen,no,high,uncontrolled,no,0.30564749985933304,51,62
16,001,26,f,r,memory_test,652,392,crystal1_05s,unseen,,,,no,0.31027879985049367,52,61
16,001,26,f,r,memory_test,653,393,sink_03s,seen,no,high,uncontrolled,no,0.31009319983422756,51,62
16,001,26,f,r,memory_test,654,394,spider_web_06s,seen,no,low,uncontrolled,no,0.33228469965979457,51,62
16,001,26,f,r,memory_test,655,395,checkers_06s,unseen,,,,no,0.2865919000469148,52,61
16,001,26,f,r,memory_test,656,396,eggnog_02s,seen,yes,low,controlled,no,0.32270529959350824,51,62
16,001,26,f,r,memory_test,657,397,soap_06s,unseen,,,,no,0.28174240002408624,52,61
16,001,26,f,r,memory_test,658,398,walker1_03s,seen,yes,low,controlled,no,0.37450919998809695,51,62
16,001,26,f,r,memory_test,659,399,suitcase_11s,seen,yes,high,controlled,no,0.5676511996425688,51,62
16,001,26,f,r,memory_test,660,400,toast_13s,seen,yes,high,controlled,no,0.5499701998196542,51,62
16,001,26,f,r,memory_test,661,401,wrap_09s,seen,no,high,uncontrolled,no,0.2699179998598993,51,62
16,001,26,f,r,memory_test,662,402,ready_meal_11s,unseen,,,,no,0.1561688999645412,52,61
16,001,26,f,r,memory_test,663,403,jumpsuit_11s,seen,yes,low,controlled,no,-0.0046907998621463776,51,62
16,001,26,f,r,memory_test,664,404,headrest_10s,unseen,,,,no,0.5225104000419378,52,61
16,001,26,f,r,memory_test,665,405,bracelet2_08s,seen,yes,low,controlled,no,0.32164519978687167,51,62
16,001,26,f,r,memory_test,666,406,pita_08s,seen,no,high,uncontrolled,no,0.27832499984651804,51,62
16,001,26,f,r,memory_test,667,407,tee_01b,seen,no,high,uncontrolled,no,0.31837570015341043,51,62
16,001,26,f,r,memory_test,668,408,snowman_03s,seen,yes,low,controlled,no,0.21893629990518093,51,62
16,001,26,f,r,memory_test,669,409,gauze_02s,seen,no,high,uncontrolled,yes,0.28413339983671904,51,61
16,001,26,f,r,memory_test,670,410,headband_04s,unseen,,,,no,1.2866634000092745,52,61
16,001,26,f,r,memory_test,671,411,jam_01b,unseen,,,,no,0.31634739972651005,52,61
16,001,26,f,r,memory_test,672,412,polo_shirt_14s,unseen,,,,no,0.33920889999717474,52,61
16,001,26,f,r,memory_test,673,413,hook1_15s,seen,no,high,uncontrolled,no,0.2672901996411383,51,62
16,001,26,f,r,memory_test,674,414,cracker_01b,unseen,,,,no,0.28259680001065135,52,61
16,001,26,f,r,memory_test,675,415,firewood_05s,unseen,,,,no,0.28783340007066727,52,61
16,001,26,f,r,memory_test,676,416,highlighter_05s,seen,yes,low,controlled,yes,0.36771799996495247,51,61
16,001,26,f,r,memory_test,677,417,eggshell_13s,unseen,,,,no,0.8169805002398789,52,61
16,001,26,f,r,memory_test,678,418,straightjacket_05s,seen,no,low,uncontrolled,no,0.9408921003341675,51,62
16,001,26,f,r,memory_test,679,419,lighter_08s,unseen,,,,no,0.4618290001526475,52,61
16,001,26,f,r,memory_test,680,420,sweeper_02s,seen,yes,high,controlled,no,0.6833219998516142,51,62
16,001,26,f,r,memory_test,681,421,cookie_11s,seen,no,low,uncontrolled,no,0.29523849999532104,51,62
16,001,26,f,r,memory_test,682,422,stockings_06s,seen,yes,high,controlled,no,0.34250769997015595,51,62
16,001,26,f,r,memory_test,683,423,gum_10s,seen,yes,low,controlled,yes,0.26365770027041435,51,61
16,001,26,f,r,memory_test,684,424,eclair_13s,unseen,,,,yes,0.4193650996312499,52,62
16,001,26,f,r,memory_test,685,425,bean_04s,unseen,,,,no,0.6505755996331573,52,61
16,001,26,f,r,memory_test,686,426,bandanna_10s,unseen,,,,no,0.34213879983872175,52,61
16,001,26,f,r,memory_test,687,427,brush_04s,seen,no,low,uncontrolled,no,0.47811200004071,51,62
16,001,26,f,r,memory_test,688,428,plaster_cast_13s,seen,no,high,uncontrolled,no,0.5608993000350893,51,62
16,001,26,f,r,memory_test,689,429,bowling_ball_01b,seen,no,low,uncontrolled,yes,0.4370390004478395,51,61
16,001,26,f,r,memory_test,690,430,hearse_06s,seen,no,low,uncontrolled,yes,0.49199580028653145,51,61
16,001,26,f,r,memory_test,691,431,cardboard_07s,seen,no,low,uncontrolled,no,0.2616010997444391,51,62
16,001,26,f,r,memory_test,692,432,hinge_04s,unseen,,,,no,0.20765999983996153,52,61
16,001,26,f,r,memory_test,693,433,lollipop_01b,seen,yes,low,controlled,no,0.2568731000646949,51,62
16,001,26,f,r,memory_test,694,434,handbrake_03s,seen,yes,low,controlled,no,0.43268239963799715,51,62
16,001,26,f,r,memory_test,695,435,candy_10s,seen,no,low,uncontrolled,no,0.3450346002355218,51,62
16,001,26,f,r,memory_test,696,436,diskette_03s,unseen,,,,yes,1.3285122998058796,52,62
16,001,26,f,r,memory_test,697,437,bracelet1_12s,seen,no,high,uncontrolled,no,0.7584616001695395,51,62
16,001,26,f,r,memory_test,698,438,waffle_iron_14s,unseen,,,,no,0.6014937004074454,52,61
16,001,26,f,r,memory_test,699,439,snack_02s,unseen,,,,no,0.6004158998839557,52,61
16,001,26,f,r,memory_test,700,440,shaving_cream_05s,unseen,,,,no,0.6213801000267267,52,61
16,001,26,f,r,memory_test,701,441,caramel_09s,unseen,,,,no,0.329243800137192,52,61
16,001,26,f,r,memory_test,702,442,shower_cap_12s,seen,yes,high,controlled,yes,0.7783786999061704,51,61
16,001,26,f,r,memory_test,703,443,caviar_07s,seen,yes,high,controlled,yes,0.9418443003669381,51,61
16,001,26,f,r,memory_test,704,444,broom_10s,unseen,,,,yes,0.6501987995579839,52,62
16,001,26,f,r,memory_test,705,445,banana_06s,seen,yes,low,controlled,no,0.968713500071317,51,62
16,001,26,f,r,memory_test,706,446,lipstick_12s,seen,no,low,uncontrolled,no,0.5821658000349998,51,62
16,001,26,f,r,memory_test,707,447,turf_07s,seen,no,high,uncontrolled,no,0.492964300327003,51,62
16,001,26,f,r,memory_test,708,448,noodle_01s,unseen,,,,no,0.557177500333637,52,61
16,001,26,f,r,memory_test,709,449,gold_13s,seen,yes,high,controlled,yes,0.7083968999795616,51,61
16,001,26,f,r,memory_test,710,450,omelet_16s,unseen,,,,no,0.6288725999183953,52,61
16,001,26,f,r,memory_test,711,451,metal_detector_04s,unseen,,,,no,0.4147071000188589,52,61
16,001,26,f,r,memory_test,712,452,nightshirt_07s,unseen,,,,no,0.5153942001052201,52,61
16,001,26,f,r,memory_test,713,453,computer_screen_12s,seen,no,high,uncontrolled,no,0.341144900303334,51,62
16,001,26,f,r,memory_test,714,454,chips_03s,seen,yes,high,controlled,no,0.40207340009510517,51,62
16,001,26,f,r,memory_test,715,455,pomegranate_11n,seen,no,high,uncontrolled,no,0.34038619976490736,51,62
16,001,26,f,r,memory_test,716,456,phone_booth_06s,unseen,,,,no,0.290939100086689,52,61
16,001,26,f,r,memory_test,717,457,wig_01s,unseen,,,,no,0.32647759979590774,52,61
16,001,26,f,r,memory_test,718,458,coffee_bean_12s,seen,no,high,uncontrolled,no,0.2824816000647843,51,62
16,001,26,f,r,memory_test,719,459,playing_card_12s,seen,yes,high,controlled,no,0.29057459998875856,51,62
16,001,26,f,r,memory_test,720,460,bedpan_08s,seen,yes,high,controlled,no,0.33910590037703514,51,62
16,001,26,f,r,memory_test,721,461,pepper2_08s,unseen,,,,yes,0.5282260999083519,52,62
16,001,26,f,r,memory_test,722,462,domino_02s,unseen,,,,no,0.8612303999252617,52,61
16,001,26,f,r,memory_test,723,463,sandbox_06s,unseen,,,,no,0.4339301995933056,52,61
16,001,26,f,r,memory_test,724,464,mosquito_net_02s,seen,no,low,uncontrolled,no,0.40594130009412766,51,62
16,001,26,f,r,memory_test,725,465,dollhouse_12s,unseen,,,,no,0.34641769994050264,52,61
16,001,26,f,r,memory_test,726,466,gyro_01b,seen,no,low,uncontrolled,no,0.30298859998583794,51,62
16,001,26,f,r,memory_test,727,467,tiara_08s,seen,no,low,uncontrolled,no,0.33170689968392253,51,62
16,001,26,f,r,memory_test,728,468,hairdryer_06s,unseen,,,,no,0.7821622001938522,52,61
16,001,26,f,r,memory_test,729,469,ice_cube_03s,seen,yes,high,controlled,no,0.46938750008121133,51,62
16,001,26,f,r,memory_test,730,470,saffron_12s,unseen,,,,no,0.5461124996654689,52,61
16,001,26,f,r,memory_test,731,471,drumstick_03s,unseen,,,,no,0.42487999983131886,52,61
16,001,26,f,r,memory_test,732,472,ramp_09s,seen,yes,high,controlled,no,0.277657900005579,51,62
16,001,26,f,r,memory_test,733,473,sweatsuit_06s,unseen,,,,no,0.3017665003426373,52,61
16,001,26,f,r,memory_test,734,474,vending_machine_03s,seen,no,low,uncontrolled,yes,0.651789200026542,51,61
16,001,26,f,r,memory_test,735,475,duster_07s,unseen,,,,yes,0.7084156000055373,52,62
16,001,26,f,r,memory_test,736,476,gas_mask_01b,seen,no,high,uncontrolled,no,0.7122355001047254,51,62
16,001,26,f,r,memory_test,737,477,match_07s,unseen,,,,no,0.5524035999551415,52,61
16,001,26,f,r,memory_test,738,478,clipper2_05s,unseen,,,,no,1.0205268999561667,52,61
16,001,26,f,r,memory_test,739,479,scrambled_egg_12s,unseen,,,,no,0.3198995999991894,52,61
16,001,26,f,r,memory_test,740,480,chaps_14s,seen,yes,low,controlled,no,0.354950699955225,51,62
