thisRow.t,notes,overall_trial_num,participant,session,age,gender,handedness,phase,calib_target,n_shapes,block_num,trial_in_block,prop_used,stimulus_logit,detection_accuracy,is_timeout,rt_choice,early_response,true_controlled,response_controlled,quest_alpha_sd,mean_evidence,sum_evidence,var_evidence,target_snippet_id,distractor_snippet_ids,quest_alpha_mean,quest_beta_mean,quest_beta_sd,quest_lambda_mean,quest_lambda_sd,control_condition,threshold_75,agency_rating,img_A_name,img_B_name,trigger_stim_onset,trigger_motion_start,trigger_resp_onset,trigger_resp_val,participant,session,age,gender,handedness,quest_prop_low,quest_low_converged,quest_prop_high,quest_high_converged,miniblock_order,starts_with,
,,1,15,001,22,f,r,calibration,0.55,2,0,1,0.347354013008391,-0.6306903787402434,1,False,2.7664103996939957,False,square,square,0.9585022178944526,-2.5461428374888686,-453.2134250730186,198.0145140811854,1315,[np.int64(1244)],-0.6105307855798056,3.2449087058269095,2.055422663760532,0.0257181206205907,0.02148187862845949,,,,,,,,,,15,001,22,f,r,,,,,,,
,,2,15,001,22,f,r,calibration,0.55,2,0,2,0.347354013008391,-0.6306903787402434,1,False,1.4586235000751913,False,dot,dot,0.9261401199953351,1.831346356151782,346.1244613126868,212.30848025896506,637,[np.int64(317)],-0.8088180781535858,3.249478062754128,2.0577708660113303,0.025403727978280513,0.021413000928689013,,,,,,,,,,15,001,22,f,r,,,,,,,
,,3,15,001,22,f,r,calibration,0.55,2,0,3,0.40766968306220214,-0.37360720091511007,1,False,2.6903280997648835,False,dot,dot,0.8644614427153365,1.8454287757519083,337.71346596259923,175.68508932019753,799,[np.int64(674)],-0.9700635822792076,3.279681644503007,2.0687435841488386,0.025032186531235075,0.021327013668469365,,,,,,,,,,15,001,22,f,r,,,,,,,
,,4,15,001,22,f,r,calibration,0.55,2,0,4,0.347354013008391,-0.6306903787402434,1,False,1.6607360998168588,False,square,square,0.8074724288348268,7.287837352478833,1464.8553078482455,180.98047421118008,567,[np.int64(604)],-1.1190240970074623,3.311627193935783,2.081136767193931,0.024670840428403354,0.021238771821626617,,,,,,,,,,15,001,22,f,r,,,,,,,
,,5,15,001,22,f,r,calibration,0.55,2,0,5,0.347354013008391,-0.6306903787402434,1,False,2.3426903998479247,False,dot,dot,0.7495926648821191,1.0438647954351457,221.29933663225086,212.5244597267851,867,[np.int64(1015)],-1.241575383088058,3.354074156241943,2.096974867907407,0.024293246696899848,0.021141592718768264,,,,,,,,,,15,001,22,f,r,,,,,,,
,,6,15,001,22,f,r,calibration,0.55,2,0,6,0.29156950079727495,-0.887773556565376,1,False,4.309378399979323,False,dot,dot,0.7023309908200142,6.091355154131847,1346.1894890631381,135.04720569810365,1130,[np.int64(1122)],-1.3588216304629763,3.3918364397574012,2.1111728966575884,0.0239330736742811,0.02104422061423556,,,,,,,,,,15,001,22,f,r,,,,,,,
,,7,15,001,22,f,r,calibration,0.55,2,0,7,0.2414297750189407,-1.1448567343905092,1,False,3.0442303000018,False,square,square,0.6655040029490339,-0.3733655037108036,-78.03339027555796,351.1614415237448,776,[np.int64(1435)],-1.4742093410781325,3.418155583309828,2.1207082838013434,0.02359503306669166,0.02094866297451967,,,,,,,,,,15,001,22,f,r,,,,,,,
,,8,15,001,22,f,r,calibration,0.55,2,0,8,0.19750845711691875,-1.4019399122156422,0,False,2.264162799809128,False,dot,square,0.6214410445217736,0.037483205787844066,10.04549915114221,5.09179370994257,1539,[np.int64(1014)],-1.1173861205605946,3.3850004075460247,2.109644284083345,0.024566217129071633,0.021202477564770623,,,,,,,,,,15,001,22,f,r,,,,,,,
,,9,15,001,22,f,r,calibration,0.55,2,0,9,0.347354013008391,-0.6306903787402434,0,False,1.5102377999573946,False,square,dot,0.6928305345835859,5.503204343008875,1029.0992121426596,48.24857161349268,516,[np.int64(793)],-0.6940541231538803,3.050866044490896,1.9428103501549905,0.026685844363781276,0.021625610154170097,,,,,,,,,,15,001,22,f,r,,,,,,,
,,10,15,001,22,f,r,calibration,0.55,2,0,10,0.47090191089840744,-0.11652402308997703,1,False,1.6194889000616968,False,square,square,0.6358376228348266,10.413876655399475,2009.8781944920986,179.78373049229236,781,[np.int64(588)],-0.7852174829901303,3.100528063112281,1.9637772367875403,0.026280472128333822,0.0215493103446453,,,,,,,,,,15,001,22,f,r,,,,,,,
,,11,15,001,22,f,r,calibration,0.55,2,0,11,0.40766968306220214,-0.37360720091511007,1,False,1.9723479002714157,False,square,square,0.5886491142429444,-2.1081014110799985,-567.0792795805196,71.54202697052894,8,[np.int64(937)],nan,nan,nan,nan,nan,,,,,,,,,,15,001,22,f,r,,,,,,,
,,12,15,001,22,f,r,calibration,0.55,2,0,12,0.40766968306220214,-0.37360720091511007,1,False,1.8038905998691916,False,square,square,0.5475063793839509,2.174099132903984,406.556537853045,174.8446821404545,824,[np.int64(296)],nan,nan,nan,nan,nan,,,,,,,,,,15,001,22,f,r,,,,,,,
,,13,15,001,22,f,r,calibration,0.55,2,0,13,0.347354013008391,-0.6306903787402434,1,False,1.245136100333184,False,square,square,0.5171030949700791,13.205572291367327,2416.619729320221,207.08355782905926,79,[np.int64(777)],nan,nan,nan,nan,nan,,,,,,,,,,15,001,22,f,r,,,,,,,
,,14,15,001,22,f,r,calibration,0.55,2,0,14,0.347354013008391,-0.6306903787402434,0,False,2.8749408000148833,False,square,dot,0.5399701773969485,-6.420600227601187,-1174.9698416510173,251.64207174619017,303,[np.int64(167)],nan,nan,nan,nan,nan,,,,,,,,,,15,001,22,f,r,,,,,,,
,,15,15,001,22,f,r,calibration,0.55,2,0,15,0.47090191089840744,-0.11652402308997703,1,False,1.1019297000020742,False,dot,dot,0.5017954518650127,0.09133560275805826,16.805750907482718,138.00780006399054,1112,[np.int64(938)],nan,nan,nan,nan,nan,,,,,,,,,,15,001,22,f,r,,,,,,,
,,16,15,001,22,f,r,calibration,0.55,2,0,16,0.40766968306220214,-0.37360720091511007,0,False,1.5924869002774358,False,dot,square,0.5477263996875784,0.8318953341745635,195.49540353102242,60.70257945254507,863,[np.int64(403)],nan,nan,nan,nan,nan,,,,,,,,,,15,001,22,f,r,,,,,,,
,,17,15,001,22,f,r,calibration,0.55,2,0,17,0.5350820483873121,0.14055915473515587,1,False,1.306665699928999,False,square,square,0.5079993933436007,25.737114200961763,4709.891898776003,143.21642472619897,178,[np.int64(827)],nan,nan,nan,nan,nan,,,,,,,,,,15,001,22,f,r,,,,,,,
,,18,15,001,22,f,r,calibration,0.55,2,0,18,0.47090191089840744,-0.11652402308997703,1,False,1.1525348001159728,False,square,square,0.47565997301567275,-2.9931043820384504,-541.7518931489595,201.53550608980584,1373,[np.int64(730)],nan,nan,nan,nan,nan,,,,,,,,,,15,001,22,f,r,,,,,,,
,,19,15,001,22,f,r,calibration,0.55,2,0,19,0.47090191089840744,-0.11652402308997703,1,False,1.4854594999924302,False,dot,dot,0.44854015139022824,4.407941643310473,824.2850872990584,201.6501683980118,1388,[np.int64(991)],nan,nan,nan,nan,nan,,,,,,,,,,15,001,22,f,r,,,,,,,
,,20,15,001,22,f,r,calibration,0.55,2,0,20,0.40766968306220214,-0.37360720091511007,0,False,1.2436089999973774,False,dot,square,0.4670557390490686,3.88939870578224,719.5387605697144,61.48181500412794,285,[np.int64(607)],-0.4482043031420039,2.7235954096930204,1.6831355452515717,0.02875556198261641,0.021850621766216757,,,,,,,,,,15,001,22,f,r,,,,,,,
,,21,15,001,22,f,r,calibration,0.55,2,0,21,0.47090191089840744,-0.11652402308997703,1,False,2.320045799948275,False,dot,dot,0.4395917881618483,5.353292564251107,1001.065709514957,237.85853951121078,639,[np.int64(1372)],nan,nan,nan,nan,nan,,,,,,,,,,15,001,22,f,r,,,,,,,
,,22,15,001,22,f,r,calibration,0.55,2,0,22,0.47090191089840744,-0.11652402308997703,1,False,2.2959640002809465,False,square,square,0.416149598313951,2.871598529819402,525.5025309569505,11.230958614664738,852,[np.int64(947)],nan,nan,nan,nan,nan,,,,,,,,,,15,001,22,f,r,,,,,,,
,,23,15,001,22,f,r,calibration,0.55,2,0,23,0.47090191089840744,-0.11652402308997703,1,False,2.2748744003474712,False,square,square,0.39664793546019467,3.647640250349441,671.1658060642972,149.51002060018953,696,[np.int64(724)],nan,nan,nan,nan,nan,,,,,,,,,,15,001,22,f,r,,,,,,,
,,24,15,001,22,f,r,calibration,0.55,2,0,24,0.40766968306220214,-0.37360720091511007,0,False,1.6678953999653459,False,square,dot,0.40249755633225,-0.44004179385706815,-86.24819159598536,137.65001590584944,629,[np.int64(1402)],nan,nan,nan,nan,nan,,,,,,,,,,15,001,22,f,r,,,,,,,
,,25,15,001,22,f,r,calibration,0.55,2,0,25,0.47090191089840744,-0.11652402308997703,1,False,3.5749491001479328,False,dot,dot,0.3821851911143533,8.641222914585358,1572.7025704545351,66.46295192643929,30,[np.int64(1461)],nan,nan,nan,nan,nan,,,,,,,,,,15,001,22,f,r,,,,,,,
,,26,15,001,22,f,r,calibration,0.55,2,0,26,0.47090191089840744,-0.11652402308997703,0,False,1.7552423998713493,False,dot,square,0.41346223339338917,16.19903717236804,3045.4189884051916,181.20777289787824,1548,[np.int64(1596)],nan,nan,nan,nan,nan,,,,,,,,,,15,001,22,f,r,,,,,,,
,,27,15,001,22,f,r,calibration,0.55,2,0,27,0.5350820483873121,0.14055915473515587,1,False,2.506444700062275,False,dot,dot,0.38889921507402175,9.31797299922589,1854.2766268459523,104.57509082239935,711,[np.int64(773)],nan,nan,nan,nan,nan,,,,,,,,,,15,001,22,f,r,,,,,,,
,,28,15,001,22,f,r,calibration,0.55,2,0,28,0.5350820483873121,0.14055915473515587,1,False,1.1515056998468935,False,square,square,0.3684794403567503,5.1267282746387375,943.3180025335276,30.6294738313431,1170,[np.int64(507)],nan,nan,nan,nan,nan,,,,,,,,,,15,001,22,f,r,,,,,,,
,,29,15,001,22,f,r,calibration,0.55,2,0,29,0.47090191089840744,-0.11652402308997703,1,False,2.174671799875796,False,dot,dot,0.35312965423661946,3.3078971525809435,605.3451789223127,92.25244152534387,855,[np.int64(1188)],nan,nan,nan,nan,nan,,,,,,,,,,15,001,22,f,r,,,,,,,
,,30,15,001,22,f,r,calibration,0.55,2,0,30,0.47090191089840744,-0.11652402308997703,1,False,2.237918300088495,False,dot,dot,0.34008899517885144,3.5448309332386705,645.159229849438,45.84587643971077,1322,[np.int64(246)],-0.4372952165520805,2.731425986417498,1.6470480339875768,0.02874026809596142,0.021807761770152458,,,,,,,,,,15,001,22,f,r,,,,,,,
,,31,15,001,22,f,r,calibration,0.55,2,0,31,0.47090191089840744,-0.11652402308997703,1,False,3.290697899647057,False,square,square,0.32913473623262035,1.2419978665672493,228.52760744837389,33.16616217596333,812,[np.int64(1457)],nan,nan,nan,nan,nan,,,,,,,,,,15,001,22,f,r,,,,,,,
,,32,15,001,22,f,r,calibration,0.55,2,0,32,0.40766968306220214,-0.37360720091511007,1,False,1.219616400077939,False,dot,dot,0.3229854091388334,2.8594764053459127,560.4573754477989,18.127395910050705,611,[np.int64(899)],nan,nan,nan,nan,nan,,,,,,,,,,15,001,22,f,r,,,,,,,
,,33,15,001,22,f,r,calibration,0.55,2,0,33,0.40766968306220214,-0.37360720091511007,1,False,1.6699636997655034,False,square,square,0.3175421823656488,2.3654450276475747,437.60733011480136,45.56195170417855,994,[np.int64(506)],nan,nan,nan,nan,nan,,,,,,,,,,15,001,22,f,r,,,,,,,
,,34,15,001,22,f,r,calibration,0.55,2,0,34,0.40766968306220214,-0.37360720091511007,1,False,1.9576334999874234,False,dot,dot,0.31271520851793916,-0.13916885292561318,-25.467900085387214,70.80512326137615,1423,[np.int64(1152)],nan,nan,nan,nan,nan,,,,,,,,,,15,001,22,f,r,,,,,,,
,,35,15,001,22,f,r,calibration,0.55,2,0,35,0.40766968306220214,-0.37360720091511007,1,False,2.7535853004083037,False,square,square,0.3084190869690914,6.946785409720414,1278.2085153885562,109.85879177472488,70,[np.int64(410)],nan,nan,nan,nan,nan,,,,,,,,,,15,001,22,f,r,,,,,,,
,,36,15,001,22,f,r,calibration,0.55,2,0,36,0.40766968306220214,-0.37360720091511007,0,False,1.0590645000338554,False,square,dot,0.29795624272894994,-0.5593422393828358,-104.5969987645903,54.07866202537717,1463,[np.int64(1338)],nan,nan,nan,nan,nan,,,,,,,,,,15,001,22,f,r,,,,,,,
,,37,15,001,22,f,r,calibration,0.55,2,0,37,0.40766968306220214,-0.37360720091511007,0,False,1.9208093001507223,False,dot,square,0.29349715525465453,-4.453204039403804,-828.2959513291075,348.77050718459975,1326,[np.int64(325)],nan,nan,nan,nan,nan,,,,,,,,,,15,001,22,f,r,,,,,,,
,,38,15,001,22,f,r,calibration,0.55,2,0,38,0.47090191089840744,-0.11652402308997703,1,False,1.0052058002911508,False,dot,dot,0.2848329986987317,13.68824128437596,2600.7658440314326,146.95886497348812,1033,[np.int64(50)],nan,nan,nan,nan,nan,,,,,,,,,,15,001,22,f,r,,,,,,,
,,39,15,001,22,f,r,calibration,0.55,2,0,39,0.47090191089840744,-0.11652402308997703,1,False,1.0733268996700644,False,square,square,0.2775650110503105,10.990276575557365,2099.1428259314566,154.500432116308,293,[np.int64(714)],nan,nan,nan,nan,nan,,,,,,,,,,15,001,22,f,r,,,,,,,
,,40,15,001,22,f,r,calibration,0.55,2,0,40,0.40766968306220214,-0.37360720091511007,1,False,1.0739429001696408,False,dot,dot,0.2737669655646044,6.387812789505165,1162.58192768994,382.3690493298243,1440,[np.int64(990)],-0.46392014746036325,2.768396969423597,1.655798173603141,0.028376619008203777,0.02173628469379788,,,,,,,,,,15,001,22,f,r,,,,,,,
,,41,15,001,22,f,r,calibration,0.55,2,0,41,0.40766968306220214,-0.37360720091511007,1,False,3.661089399829507,False,square,square,0.2704698115939367,6.6102125207986235,1203.0586787853495,131.29429921701978,1442,[np.int64(667)],nan,nan,nan,nan,nan,,,,,,,,,,15,001,22,f,r,,,,,,,
,,42,15,001,22,f,r,calibration,0.55,2,0,42,0.40766968306220214,-0.37360720091511007,0,False,2.014638400170952,False,dot,square,0.26414084928928205,2.6361094486708723,482.4080291067696,46.22831644021787,1061,[np.int64(1525)],nan,nan,nan,nan,nan,,,,,,,,,,15,001,22,f,r,,,,,,,
,,43,15,001,22,f,r,calibration,0.55,2,0,43,0.47090191089840744,-0.11652402308997703,1,False,1.1754276999272406,False,square,square,0.2581383159112266,4.715798094050068,858.2752531171124,77.66500302712313,1520,[np.int64(1025)],nan,nan,nan,nan,nan,,,,,,,,,,15,001,22,f,r,,,,,,,
,,44,15,001,22,f,r,calibration,0.55,2,0,44,0.40766968306220214,-0.37360720091511007,1,False,1.5693196998909116,False,dot,dot,0.25509289138403674,1.1370157413163902,206.936864919583,52.29492645067298,476,[np.int64(996)],nan,nan,nan,nan,nan,,,,,,,,,,15,001,22,f,r,,,,,,,
,,45,15,001,22,f,r,calibration,0.55,2,0,45,0.40766968306220214,-0.37360720091511007,1,False,2.2355467998422682,False,dot,dot,0.2524549728688723,3.925018479032243,722.2034001419327,66.62881691300424,1056,[np.int64(1503)],nan,nan,nan,nan,nan,,,,,,,,,,15,001,22,f,r,,,,,,,
,,46,15,001,22,f,r,calibration,0.55,2,0,46,0.40766968306220214,-0.37360720091511007,0,False,1.441156200133264,False,dot,square,0.24670605404083445,-8.081440984758295,-1470.8222592260097,75.7740560974459,1592,[np.int64(868)],nan,nan,nan,nan,nan,,,,,,,,,,15,001,22,f,r,,,,,,,
,,47,15,001,22,f,r,calibration,0.55,2,0,47,0.47090191089840744,-0.11652402308997703,0,False,1.8355049001984298,False,dot,square,0.25408360812052966,8.433062748430144,1534.8174202142864,90.2243414524031,1360,[np.int64(1526)],nan,nan,nan,nan,nan,,,,,,,,,,15,001,22,f,r,,,,,,,
,,48,15,001,22,f,r,calibration,0.55,2,0,48,0.47090191089840744,-0.11652402308997703,1,False,1.527301300317049,False,dot,dot,0.24732203011300674,1.125960862900632,207.17679877371626,45.65546790812939,978,[np.int64(671)],nan,nan,nan,nan,nan,,,,,,,,,,15,001,22,f,r,,,,,,,
,,49,15,001,22,f,r,calibration,0.55,2,0,49,0.47090191089840744,-0.11652402308997703,1,False,2.8916246998123825,False,dot,dot,0.2415390884966939,1.9076959465216794,358.6468379460757,8.369613952328363,470,[np.int64(548)],nan,nan,nan,nan,nan,,,,,,,,,,15,001,22,f,r,,,,,,,
,,50,15,001,22,f,r,calibration,0.55,2,0,50,0.47090191089840744,-0.11652402308997703,1,False,1.7137152003124356,False,square,square,0.23658823128117248,1.4698721866292594,267.5167379665252,21.9790789738892,245,[np.int64(1042)],-0.3822937443745084,2.5946032430225436,1.4979904409289895,0.029747611434974182,0.02183228247617421,,,,,,,,,,15,001,22,f,r,,,,,,,
,,51,15,001,22,f,r,calibration,0.55,2,0,51,0.47090191089840744,-0.11652402308997703,1,False,1.2656816001981497,False,square,square,0.23234074755964573,8.062297792220633,1467.3381981841553,43.409626473872535,205,[np.int64(277)],nan,nan,nan,nan,nan,,,,,,,,,,15,001,22,f,r,,,,,,,
,,52,15,001,22,f,r,calibration,0.55,2,0,52,0.47090191089840744,-0.11652402308997703,1,False,2.0923787001520395,False,dot,dot,0.2286855947391686,5.585869018263978,1022.2140303423079,48.36309247483295,138,[np.int64(732)],nan,nan,nan,nan,nan,,,,,,,,,,15,001,22,f,r,,,,,,,
,,53,15,001,22,f,r,calibration,0.55,2,0,53,0.40766968306220214,-0.37360720091511007,0,False,2.0078135998919606,False,square,dot,0.22440586306691476,10.490982146772726,1919.849732859409,171.53042994514314,1105,[np.int64(982)],nan,nan,nan,nan,nan,,,,,,,,,,15,001,22,f,r,,,,,,,
,,54,15,001,22,f,r,calibration,0.55,2,0,54,0.47090191089840744,-0.11652402308997703,0,False,1.478225799743086,False,dot,square,0.22998511753410833,3.1870782899138117,592.796561923969,177.29098068567964,1429,[np.int64(1062)],nan,nan,nan,nan,nan,,,,,,,,,,15,001,22,f,r,,,,,,,
,,55,15,001,22,f,r,calibration,0.55,2,0,55,0.47090191089840744,-0.11652402308997703,1,False,1.3238378004170954,False,dot,dot,0.22472976514571202,8.374057015637225,1524.078376845975,62.9314564962794,1195,[np.int64(1344)],nan,nan,nan,nan,nan,,,,,,,,,,15,001,22,f,r,,,,,,,
,,56,15,001,22,f,r,calibration,0.55,2,0,56,0.47090191089840744,-0.11652402308997703,1,False,1.5285227000713348,False,square,square,0.2201689733444499,0.9581979878582287,177.26662775377233,3.645707504143595,1123,[np.int64(225)],nan,nan,nan,nan,nan,,,,,,,,,,15,001,22,f,r,,,,,,,
,,57,15,001,22,f,r,calibration,0.55,2,0,57,0.47090191089840744,-0.11652402308997703,1,False,2.27679490018636,False,square,square,0.21620179948359117,4.994896126325664,909.0710949912709,18.128485441144218,814,[np.int64(688)],nan,nan,nan,nan,nan,,,,,,,,,,15,001,22,f,r,,,,,,,
,,58,15,001,22,f,r,calibration,0.55,2,0,58,0.47090191089840744,-0.11652402308997703,1,False,2.011178799904883,False,dot,dot,0.2127406095940712,5.179516665932848,947.8515498657111,22.0208974628759,1141,[np.int64(719)],nan,nan,nan,nan,nan,,,,,,,,,,15,001,22,f,r,,,,,,,
,,59,15,001,22,f,r,calibration,0.55,2,0,59,0.47090191089840744,-0.11652402308997703,1,False,1.0250014001503587,False,square,square,0.20971013223275306,4.53729185310287,825.7871172647224,153.29078637841644,890,[np.int64(1194)],nan,nan,nan,nan,nan,,,,,,,,,,15,001,22,f,r,,,,,,,
,,60,15,001,22,f,r,calibration,0.55,2,0,60,0.47090191089840744,-0.11652402308997703,1,False,2.4141556001268327,False,dot,dot,0.20704620699122525,3.2233509369838402,589.8732214680427,149.70387993140002,1118,[np.int64(736)],-0.38521036556239324,2.725383933090887,1.5701702717758321,0.029223242637348233,0.02175837615732018,,,,,,,,,,15,001,22,f,r,,,,,,,
,,61,15,001,22,f,r,calibration,0.55,2,0,61,0.47090191089840744,-0.11652402308997703,1,False,2.796260599978268,False,dot,dot,0.20469442670321444,3.137580750013709,605.5530847526459,32.325687399008096,1425,[np.int64(1587)],nan,nan,nan,nan,nan,,,,,,,,,,15,001,22,f,r,,,,,,,
,,62,15,001,22,f,r,calibration,0.55,2,0,62,0.40766968306220214,-0.37360720091511007,1,False,1.2837713002227247,False,dot,dot,0.20393897921333592,2.544403705249114,465.6258780605879,45.86067003910797,424,[np.int64(830)],nan,nan,nan,nan,nan,,,,,,,,,,15,001,22,f,r,,,,,,,
,,63,15,001,22,f,r,calibration,0.55,2,0,63,0.40766968306220214,-0.37360720091511007,1,False,3.7773541999049485,False,dot,dot,0.2032856433038512,-0.6314400715666773,-114.92209302513527,28.374891597593816,300,[np.int64(168)],nan,nan,nan,nan,nan,,,,,,,,,,15,001,22,f,r,,,,,,,
,,64,15,001,22,f,r,calibration,0.55,2,0,64,0.40766968306220214,-0.37360720091511007,1,False,2.363912799861282,False,square,square,0.20271423822000575,0.6828480356442701,123.5954944516129,39.252875553623376,540,[np.int64(488)],nan,nan,nan,nan,nan,,,,,,,,,,15,001,22,f,r,,,,,,,
,,65,15,001,22,f,r,calibration,0.55,2,0,65,0.40766968306220214,-0.37360720091511007,1,False,1.8242536997422576,False,square,square,0.2022068578560325,-1.4657372895181235,-268.2299239818166,51.7511875200158,1433,[np.int64(940)],nan,nan,nan,nan,nan,,,,,,,,,,15,001,22,f,r,,,,,,,
,,66,15,001,22,f,r,calibration,0.55,2,0,66,0.40766968306220214,-0.37360720091511007,0,False,1.8399296998977661,False,square,dot,0.19583709727416393,3.046656077217577,557.5380621308166,82.71629388774689,613,[np.int64(180)],nan,nan,nan,nan,nan,,,,,,,,,,15,001,22,f,r,,,,,,,
,,67,15,001,22,f,r,calibration,0.85,2,-1,1,0.5981210736084265,0.3976423325602886,1,False,2.359719700179994,False,dot,dot,0.8833941500202273,2.784246213489924,515.085549495636,37.890645303595676,949,[np.int64(977)],0.49887896444510554,3.2323377588830704,2.050691472501904,0.0257364756811414,0.02148582368615677,,,,,,,,,,15,001,22,f,r,0.19750845711691875,True,,,,,
,,68,15,001,22,f,r,calibration,0.85,2,-1,2,0.5350820483873121,0.14055915473515587,1,False,1.454195899888873,False,square,square,0.8974722567509856,5.284351170451884,1146.7042039880587,108.1709123656485,1080,[np.int64(854)],0.3118133766571681,3.2082444668428995,2.0424419558677074,0.025480950703595955,0.02143037331807896,,,,,,,,,,15,001,22,f,r,0.19750845711691875,True,,,,,
,,69,15,001,22,f,r,calibration,0.85,2,-1,3,0.5350820483873121,0.14055915473515587,1,False,1.5215550996363163,False,dot,dot,0.8872830967337415,13.769727310809287,2946.7216445131876,185.95390214764296,1242,[np.int64(118)],0.12417907816641394,3.202036049568465,2.0413069970393267,0.025192955999298612,0.021365090692057793,,,,,,,,,,15,001,22,f,r,0.19750845711691875,True,,,,,
,,70,15,001,22,f,r,calibration,0.85,2,-1,4,0.5350820483873121,0.14055915473515587,0,False,1.6386614996008575,False,dot,square,0.767725280985752,8.15022333585783,2110.9078439871782,130.20775825444133,128,[np.int64(861)],0.6424216613122528,3.170096692496163,2.0239566879749953,0.026124834759122362,0.02155787534328282,,,,,,,,,,15,001,22,f,r,0.19750845711691875,True,,,,,
,,71,15,001,22,f,r,calibration,0.85,2,-1,5,0.6580745541515514,0.654725510385422,1,False,1.8363001998513937,False,dot,dot,0.7538183189127918,11.704545605346437,2434.545485912059,167.85258776952287,1481,[np.int64(1167)],0.4947905161247408,3.1751085523532088,2.0272039568195948,0.025806639043253112,0.021492599013471756,,,,,,,,,,15,001,22,f,r,0.19750845711691875,True,,,,,
,,72,15,001,22,f,r,calibration,0.85,2,-1,6,0.6580745541515514,0.654725510385422,1,False,1.4579897997900844,False,dot,dot,0.7264926250170547,13.63691880144811,3122.854405531617,184.7132968877642,265,[np.int64(859)],0.3597337242450352,3.1962986139348915,2.037298111029081,0.02546513517296068,0.02141859047709078,,,,,,,,,,15,001,22,f,r,0.19750845711691875,True,,,,,
,,73,15,001,22,f,r,calibration,0.85,2,-1,7,0.6580745541515514,0.654725510385422,1,False,1.0774763999506831,False,square,square,0.6915262206334819,11.434792733686985,2081.1322775310314,167.6715348367166,1398,[np.int64(1031)],0.2414635995285861,3.231292721203804,2.05291392144706,0.02510467174749078,0.02133602451500708,,,,,,,,,,15,001,22,f,r,0.19750845711691875,True,,,,,
,,74,15,001,22,f,r,calibration,0.85,2,-1,8,0.6580745541515514,0.654725510385422,1,False,1.0434674997814,False,square,square,0.6545682951322127,18.93560431978879,3446.27998620156,136.33405017412403,98,[np.int64(761)],0.14118869329373315,3.2775016219006923,2.072554176733881,0.024729604981744716,0.021245245636177454,,,,,,,,,,15,001,22,f,r,0.19750845711691875,True,,,,,
,,75,15,001,22,f,r,calibration,0.85,2,-1,9,0.5981210736084265,0.3976423325602886,0,False,2.275405799970031,False,square,dot,0.6180458742614996,20.214624962598737,3679.0617431929704,159.92565179611177,216,[np.int64(16)],0.5250503324295944,3.1329620782399155,1.999881444200549,0.026090459043220382,0.02153426431711047,,,,,,,,,,15,001,22,f,r,0.19750845711691875,True,,,,,
,,76,15,001,22,f,r,calibration,0.85,2,-1,10,0.7133701336716126,0.9118086882105548,1,False,1.2118448000401258,False,dot,dot,0.584420783003256,21.518984532181122,3937.9741693891456,216.30157535797053,574,[np.int64(735)],0.4382974874035715,3.1807506446210394,2.0216561982320007,0.025709375016212815,0.02145501833280684,,,,,,,,,,15,001,22,f,r,0.19750845711691875,True,,,,,
,,77,15,001,22,f,r,calibration,0.85,2,-1,11,0.7133701336716126,0.9118086882105548,1,False,1.2070936998352408,False,dot,dot,0.5523536123520332,13.921188601057533,2533.656325392471,188.99156320066254,662,[np.int64(596)],nan,nan,nan,nan,nan,,,,,,,,,,15,001,22,f,r,0.19750845711691875,True,,,,,
,,78,15,001,22,f,r,calibration,0.85,2,-1,12,0.6580745541515514,0.654725510385422,1,False,1.3492068997584283,False,dot,dot,0.5280193800405338,22.3460020641913,4089.318377747008,164.10788896783947,1063,[np.int64(553)],nan,nan,nan,nan,nan,,,,,,,,,,15,001,22,f,r,0.19750845711691875,True,,,,,
,,79,15,001,22,f,r,calibration,0.85,2,-1,13,0.6580745541515514,0.654725510385422,0,False,1.3959202002733946,False,dot,square,0.5256277301627515,12.457802495448611,2279.777856667096,149.40576109540697,34,[np.int64(1337)],nan,nan,nan,nan,nan,,,,,,,,,,15,001,22,f,r,0.19750845711691875,True,,,,,
,,80,15,001,22,f,r,calibration,0.85,2,-1,14,0.7133701336716126,0.9118086882105548,1,False,1.0460665002465248,False,square,square,0.4986017276063414,15.248090143431694,2775.1524061045684,189.76232981372192,1053,[np.int64(1093)],nan,nan,nan,nan,nan,,,,,,,,,,15,001,22,f,r,0.19750845711691875,True,,,,,
,,81,15,001,22,f,r,calibration,0.85,2,-1,15,0.7133701336716126,0.9118086882105548,1,False,1.052427800372243,False,square,square,0.47363284065893957,23.049210628823268,4194.956334445835,242.95405776867398,239,[np.int64(1055)],nan,nan,nan,nan,nan,,,,,,,,,,15,001,22,f,r,0.19750845711691875,True,,,,,
,,82,15,001,22,f,r,calibration,0.85,2,-1,16,0.7133701336716126,0.9118086882105548,1,False,1.1325587998144329,False,dot,dot,0.451849326253401,9.901564684732978,1802.0847726214022,131.38633334482077,247,[np.int64(1419)],nan,nan,nan,nan,nan,,,,,,,,,,15,001,22,f,r,0.19750845711691875,True,,,,,
,,83,15,001,22,f,r,calibration,0.85,2,-1,17,0.6580745541515514,0.654725510385422,1,False,1.0607197997160256,False,square,square,0.4372976879763902,26.52324309098862,4853.753485650917,133.91811032446446,1128,[np.int64(835)],nan,nan,nan,nan,nan,,,,,,,,,,15,001,22,f,r,0.19750845711691875,True,,,,,
,,84,15,001,22,f,r,calibration,0.85,2,-1,18,0.5981210736084265,0.3976423325602886,1,False,1.0113756000064313,False,square,square,0.43224063897740655,19.281315470079633,3509.1994155544935,218.22582677706725,362,[np.int64(1255)],nan,nan,nan,nan,nan,,,,,,,,,,15,001,22,f,r,0.19750845711691875,True,,,,,
,,85,15,001,22,f,r,calibration,0.85,2,-1,19,0.5981210736084265,0.3976423325602886,1,False,1.3553443001583219,False,dot,dot,0.4271577014707809,22.76968453182862,4166.852269324638,146.35343001633467,524,[np.int64(1277)],nan,nan,nan,nan,nan,,,,,,,,,,15,001,22,f,r,0.19750845711691875,True,,,,,
,,86,15,001,22,f,r,calibration,0.85,2,-1,20,0.5981210736084265,0.3976423325602886,1,False,1.2624717000871897,False,square,square,0.4222321424003514,20.373370008400915,3707.9533415289666,147.33263221858564,675,[np.int64(1399)],0.18974479697695112,3.297698802639788,2.06081181378889,0.024191647092374924,0.021063214679057165,,,,,,,,,,15,001,22,f,r,0.19750845711691875,True,,,,,
,,87,15,001,22,f,r,calibration,0.85,2,-1,21,0.5350820483873121,0.14055915473515587,1,False,1.2425402998924255,False,dot,dot,0.4266528403739646,15.410581021837721,2820.136326996303,159.43049598417872,472,[np.int64(630)],nan,nan,nan,nan,nan,,,,,,,,,,15,001,22,f,r,0.19750845711691875,True,,,,,
,,88,15,001,22,f,r,calibration,0.85,2,-1,22,0.5350820483873121,0.14055915473515587,1,False,1.7916425000876188,False,square,square,0.429896970461244,4.430161160287127,806.2893311722571,112.45530685170608,1111,[np.int64(623)],nan,nan,nan,nan,nan,,,,,,,,,,15,001,22,f,r,0.19750845711691875,True,,,,,
,,89,15,001,22,f,r,calibration,0.85,2,-1,23,0.5350820483873121,0.14055915473515587,1,False,1.6797909000888467,False,dot,dot,0.4318815252559699,10.712888953755451,1939.0329006297366,216.31806339429323,976,[np.int64(999)],nan,nan,nan,nan,nan,,,,,,,,,,15,001,22,f,r,0.19750845711691875,True,,,,,
,,90,15,001,22,f,r,calibration,0.85,2,-1,24,0.47090191089840744,-0.11652402308997703,0,False,2.513384100049734,False,square,dot,0.3641839682063272,2.214036902038217,405.16875307299375,143.83827785560828,616,[np.int64(1068)],nan,nan,nan,nan,nan,,,,,,,,,,15,001,22,f,r,0.19750845711691875,True,,,,,
,,91,15,001,22,f,r,calibration,0.85,2,-1,25,0.5981210736084265,0.3976423325602886,1,False,1.0311178001575172,False,square,square,0.35618030889564106,21.115940344586267,3843.1011427147005,209.1727480577904,229,[np.int64(1058)],nan,nan,nan,nan,nan,,,,,,,,,,15,001,22,f,r,0.19750845711691875,True,,,,,
,,92,15,001,22,f,r,calibration,0.85,2,-1,26,0.5350820483873121,0.14055915473515587,1,False,0.957723299972713,False,dot,dot,0.3551606766342709,16.02406212097225,2916.379306016949,165.68263779047865,1197,[np.int64(648)],nan,nan,nan,nan,nan,,,,,,,,,,15,001,22,f,r,0.19750845711691875,True,,,,,
,,93,15,001,22,f,r,calibration,0.85,2,-1,27,0.5350820483873121,0.14055915473515587,1,False,1.2323417998850346,False,dot,dot,0.3537507875292112,18.25507645267446,3340.6789908394258,256.2677506739948,1013,[np.int64(1169)],nan,nan,nan,nan,nan,,,,,,,,,,15,001,22,f,r,0.19750845711691875,True,,,,,
,,94,15,001,22,f,r,calibration,0.85,2,-1,28,0.5350820483873121,0.14055915473515587,1,False,2.6032060999423265,False,dot,dot,0.35204429342213384,20.203389015063493,3677.016800741556,181.02171559285293,605,[np.int64(1455)],nan,nan,nan,nan,nan,,,,,,,,,,15,001,22,f,r,0.19750845711691875,True,,,,,
,,95,15,001,22,f,r,calibration,0.85,2,-1,29,0.5350820483873121,0.14055915473515587,1,False,0.9829679001122713,False,square,square,0.35015468128549976,13.128974586283148,2389.473374703533,191.01932819058936,11,[np.int64(843)],nan,nan,nan,nan,nan,,,,,,,,,,15,001,22,f,r,0.19750845711691875,True,,,,,
,,96,15,001,22,f,r,calibration,0.85,2,-1,30,0.47090191089840744,-0.11652402308997703,1,False,1.84142109984532,False,square,square,0.35596199826919556,-0.5506919453470683,-100.77662599851351,234.8967762051557,1069,[np.int64(766)],-0.09912558442099897,3.485273558832019,2.1461625841365533,0.022054296404993637,0.02040476786454522,,,,,,,,,,15,001,22,f,r,0.19750845711691875,True,,,,,
,,97,15,001,22,f,r,calibration,0.85,2,-1,31,0.47090191089840744,-0.11652402308997703,1,False,0.9617540999315679,False,dot,dot,0.36085145686557524,9.79156145470867,1791.8557462116867,222.14201204023797,169,[np.int64(80)],nan,nan,nan,nan,nan,,,,,,,,,,15,001,22,f,r,0.19750845711691875,True,,,,,
,,98,15,001,22,f,r,calibration,0.85,2,-1,32,0.47090191089840744,-0.11652402308997703,1,False,0.9950562999583781,False,dot,dot,0.36473052852773374,6.54046995795934,1196.9060023065592,255.4918423713389,166,[np.int64(745)],nan,nan,nan,nan,nan,,,,,,,,,,15,001,22,f,r,0.19750845711691875,True,,,,,
,,99,15,001,22,f,r,calibration,0.85,2,-1,33,0.47090191089840744,-0.11652402308997703,1,False,1.4610152002424002,False,square,square,0.3675855006762878,9.293246372786612,1700.6640862199501,323.9255841796136,176,[np.int64(962)],nan,nan,nan,nan,nan,,,,,,,,,,15,001,22,f,r,0.19750845711691875,True,,,,,
,,100,15,001,22,f,r,calibration,0.85,2,-1,34,0.40766968306220214,-0.37360720091511007,0,False,1.2884106002748013,False,dot,square,0.30983655164202467,11.358633688581628,2078.629965010438,428.95844914851057,933,[np.int64(463)],nan,nan,nan,nan,nan,,,,,,,,,,15,001,22,f,r,0.19750845711691875,True,,,,,
,,101,15,001,22,f,r,calibration,0.85,2,-1,35,0.47090191089840744,-0.11652402308997703,1,False,1.10088250041008,False,square,square,0.30982652944558087,19.29961901926235,3512.530661505748,343.81378383231277,36,[np.int64(846)],nan,nan,nan,nan,nan,,,,,,,,,,15,001,22,f,r,0.19750845711691875,True,,,,,
,,102,15,001,22,f,r,calibration,0.85,2,-1,36,0.47090191089840744,-0.11652402308997703,1,False,1.5858038999140263,False,dot,dot,0.30932680201414753,14.610044563927383,2659.028110634784,252.19619505812216,626,[np.int64(750)],nan,nan,nan,nan,nan,,,,,,,,,,15,001,22,f,r,0.19750845711691875,True,,,,,
,,103,15,001,22,f,r,calibration,0.85,2,-1,37,0.47090191089840744,-0.11652402308997703,0,False,1.1811127001419663,False,square,dot,0.28117534758306006,11.064667784668194,2024.8342045942793,204.48600548658388,290,[np.int64(1324)],nan,nan,nan,nan,nan,,,,,,,,,,15,001,22,f,r,0.19750845711691875,True,,,,,
,,104,15,001,22,f,r,calibration,0.85,2,-1,38,0.5350820483873121,0.14055915473515587,1,False,1.0813410999253392,False,square,square,0.27548400458798483,7.7673496027201825,1413.6576276950732,206.02909681665415,880,[np.int64(1368)],nan,nan,nan,nan,nan,,,,,,,,,,15,001,22,f,r,0.19750845711691875,True,,,,,
,,105,15,001,22,f,r,calibration,0.85,2,-1,39,0.5350820483873121,0.14055915473515587,1,False,1.1825387999415398,False,square,square,0.27029437192180894,19.112683633284835,3497.6211048911246,119.85944015998612,1268,[np.int64(998)],nan,nan,nan,nan,nan,,,,,,,,,,15,001,22,f,r,0.19750845711691875,True,,,,,
,,106,15,001,22,f,r,calibration,0.85,2,-1,40,0.47090191089840744,-0.11652402308997703,1,False,1.2504258998669684,False,square,square,0.26968809122484877,13.105704167159924,2385.238158423106,149.19602562442302,1153,[np.int64(684)],-0.16220634144547239,3.675793089252891,2.2282155308433786,0.021186596326914456,0.020076303837620147,,,,,,,,,,15,001,22,f,r,0.19750845711691875,True,,,,,
,,107,15,001,22,f,r,calibration,0.85,2,-1,41,0.47090191089840744,-0.11652402308997703,0,False,1.1241093003191054,False,square,dot,0.24978939987353138,6.5256527868439855,1187.6688072056054,276.08791772757974,796,[np.int64(1288)],nan,nan,nan,nan,nan,,,,,,,,,,15,001,22,f,r,0.19750845711691875,True,,,,,
,,108,15,001,22,f,r,calibration,0.85,2,-1,42,0.5350820483873121,0.14055915473515587,0,False,1.6818278999999166,False,square,dot,0.24913817348340964,6.592667780423442,1206.45820381749,115.63396245780362,269,[np.int64(1044)],nan,nan,nan,nan,nan,,,,,,,,,,15,001,22,f,r,0.19750845711691875,True,,,,,
,,109,15,001,22,f,r,calibration,0.85,2,-1,43,0.5350820483873121,0.14055915473515587,0,False,1.0881459000520408,False,dot,square,0.2500112761224544,17.840415853692548,3264.7961012257365,107.39767295787955,31,[np.int64(164)],nan,nan,nan,nan,nan,,,,,,,,,,15,001,22,f,r,0.19750845711691875,True,,,,,
,,110,15,001,22,f,r,calibration,0.85,2,-1,44,0.5981210736084265,0.3976423325602886,1,False,1.1928576999343932,False,square,square,0.24246806624060382,17.438534989084896,3191.251903002536,143.5568458119168,1458,[np.int64(1095)],nan,nan,nan,nan,nan,,,,,,,,,,15,001,22,f,r,0.19750845711691875,True,,,,,
,,111,15,001,22,f,r,calibration,0.85,2,-1,45,0.5981210736084265,0.3976423325602886,1,False,1.0373645001091063,False,dot,dot,0.2357380324191036,13.609630468932657,2490.562375814676,141.99779142562357,918,[np.int64(25)],nan,nan,nan,nan,nan,,,,,,,,,,15,001,22,f,r,0.19750845711691875,True,,,,,
,,112,15,001,22,f,r,calibration,0.85,2,-1,46,0.5350820483873121,0.14055915473515587,1,False,1.3619889998808503,False,dot,dot,0.23126554740505842,10.047812868278777,1838.7497548950162,146.358854812158,1357,[np.int64(902)],nan,nan,nan,nan,nan,,,,,,,,,,15,001,22,f,r,0.19750845711691875,True,,,,,
,,113,15,001,22,f,r,calibration,0.85,2,-1,47,0.5350820483873121,0.14055915473515587,1,False,2.1701957997865975,False,square,square,0.22697226513590665,11.73083804843799,2135.012524815714,210.31833885128808,986,[np.int64(93)],nan,nan,nan,nan,nan,,,,,,,,,,15,001,22,f,r,0.19750845711691875,True,,,,,
,,114,15,001,22,f,r,calibration,0.85,2,-1,48,0.5350820483873121,0.14055915473515587,0,False,1.6472670999355614,False,square,dot,0.22617240986781686,13.393526356323221,2437.6217968508263,216.0040300345487,322,[np.int64(383)],nan,nan,nan,nan,nan,,,,,,,,,,15,001,22,f,r,0.19750845711691875,True,,,,,
,,115,15,001,22,f,r,calibration,0.85,2,-1,49,0.5981210736084265,0.3976423325602886,1,False,1.2374439998529851,False,square,square,0.22048841753121212,7.43413112143032,1360.4459952217485,48.359412398291575,493,[np.int64(1043)],nan,nan,nan,nan,nan,,,,,,,,,,15,001,22,f,r,0.19750845711691875,True,,,,,
,,116,15,001,22,f,r,calibration,0.85,2,-1,50,0.5350820483873121,0.14055915473515587,1,False,1.1880389000289142,False,square,square,0.2168025281695228,4.077360634543083,746.1569961213842,46.075113789744414,1034,[np.int64(1582)],0.06316574761929013,3.3562388759842245,2.0249614020816273,0.023624644703177083,0.020832015965653695,,,,,,,,,,15,001,22,f,r,0.19750845711691875,True,,,,,
,,117,15,001,22,f,r,calibration,0.85,2,-1,51,0.5350820483873121,0.14055915473515587,1,False,1.2570742997340858,False,dot,dot,0.21326172143155933,9.335602041817708,1699.0795716108228,114.8575058189547,1507,[np.int64(297)],nan,nan,nan,nan,nan,,,,,,,,,,15,001,22,f,r,0.19750845711691875,True,,,,,
,,118,15,001,22,f,r,calibration,0.85,2,-1,52,0.5350820483873121,0.14055915473515587,0,False,1.5614331001415849,False,dot,square,0.21215368093445627,18.22184451965303,3334.597547096504,215.58703460127606,718,[np.int64(1298)],nan,nan,nan,nan,nan,,,,,,,,,,15,001,22,f,r,0.19750845711691875,True,,,,,
,,119,15,001,22,f,r,calibration,0.85,2,-1,53,0.5981210736084265,0.3976423325602886,1,False,0.9656774001196027,False,square,square,0.2073022223289729,15.679752321185129,2869.3946747768787,154.20740141118088,726,[np.int64(1232)],nan,nan,nan,nan,nan,,,,,,,,,,15,001,22,f,r,0.19750845711691875,True,,,,,
,,120,15,001,22,f,r,calibration,0.85,2,-1,54,0.5350820483873121,0.14055915473515587,1,False,1.0492729996331036,False,dot,dot,0.20422802308305718,13.902073684689762,2544.0794842982264,154.5684155022636,645,[np.int64(1073)],nan,nan,nan,nan,nan,,,,,,,,,,15,001,22,f,r,0.19750845711691875,True,,,,,
,,121,15,001,22,f,r,calibration,0.85,2,-1,55,0.5350820483873121,0.14055915473515587,1,False,1.09477509977296,False,square,square,0.2012729019401648,19.18679825295107,3511.184080290046,166.2702552613933,1500,[np.int64(182)],nan,nan,nan,nan,nan,,,,,,,,,,15,001,22,f,r,0.19750845711691875,True,,,,,
,,122,15,001,22,f,r,calibration,0.85,2,-1,56,0.5350820483873121,0.14055915473515587,1,False,1.1233939998783171,False,square,square,0.198440685692721,9.068328479052242,1650.4357831875082,165.71285529120868,484,[np.int64(1256)],nan,nan,nan,nan,nan,,,,,,,,,,15,001,22,f,r,0.19750845711691875,True,,,,,
,,123,15,001,22,f,r,calibration,0.85,2,-1,57,0.5350820483873121,0.14055915473515587,1,False,1.3579151001758873,False,dot,dot,0.1957345966793408,7.197974432691529,1310.0313467498584,99.86203596984835,1524,[np.int64(1428)],nan,nan,nan,nan,nan,,,,,,,,,,15,001,22,f,r,0.19750845711691875,True,,,,,
,,124,15,001,22,f,r,calibration,0.85,2,-1,58,0.5350820483873121,0.14055915473515587,1,False,1.3504488002508879,False,square,square,0.19315715571807407,17.228655668747926,3118.386676043375,208.5584962454146,1006,[np.int64(864)],nan,nan,nan,nan,nan,,,,,,,,,,15,001,22,f,r,0.19750845711691875,True,,,,,
,,125,15,001,22,f,r,calibration,0.85,2,-1,59,0.5350820483873121,0.14055915473515587,0,False,3.0700431996956468,False,dot,square,0.19120922334404702,12.22767398368045,2237.6643390135223,145.20939721616256,981,[np.int64(1494)],nan,nan,nan,nan,nan,,,,,,,,,,15,001,22,f,r,0.19750845711691875,True,,,,,
,,126,15,001,22,f,r,calibration,0.85,2,-1,60,0.5350820483873121,0.14055915473515587,1,False,1.1017403998412192,False,square,square,0.18873428982531512,10.882034545193951,1991.412321770493,96.33910742111054,584,[np.int64(120)],0.047830291514291176,3.340596475256648,1.998170562213571,0.023295763653832742,0.020708796472447572,,,,,,,,,,15,001,22,f,r,0.19750845711691875,True,,,,,
,,127,15,001,22,f,r,test,,2,1,1,0.19750845711691875,,1,False,2.4380769999697804,False,img_B,img_B,,3.9738220137287756,703.3664964299933,310.18957293467685,417,[np.int64(411)],,,,,,low,0.19750845711691875,4,string_cheese_01b,jumpsuit_11s,11,21,31,41,15,001,22,f,r,0.19750845711691875,True,0.5981210736084265,True,"['low', 'high', 'low', 'high', 'low', 'high']",low,
,,128,15,001,22,f,r,test,,2,1,2,0.19750845711691875,,0,False,1.3789459997788072,False,img_A,img_B,,7.091514823919429,1297.7472127772555,328.2684186865761,686,[np.int64(758)],,,,,,low,0.19750845711691875,5,french_fries_11s,snowman_03s,11,21,31,42,15,001,22,f,r,0.19750845711691875,True,0.5981210736084265,True,"['low', 'high', 'low', 'high', 'low', 'high']",low,
,,129,15,001,22,f,r,test,,2,1,3,0.19750845711691875,,0,True,nan,False,img_B,timeout,,-0.34037888624235607,-61.9489572961088,268.5015166036946,190,[np.int64(921)],,,,,,low,0.19750845711691875,3,orange_rind_15s,spam_01b,11,21,31,42,15,001,22,f,r,0.19750845711691875,True,0.5981210736084265,True,"['low', 'high', 'low', 'high', 'low', 'high']",low,
,,130,15,001,22,f,r,test,,2,1,4,0.19750845711691875,,1,False,2.9132512998767197,False,img_B,img_B,,-1.7047949738528312,-308.56789026736243,229.49445532990214,722,[np.int64(591)],,,,,,low,0.19750845711691875,3,magnet_12s,turban_02s,11,21,31,41,15,001,22,f,r,0.19750845711691875,True,0.5981210736084265,True,"['low', 'high', 'low', 'high', 'low', 'high']",low,
,,131,15,001,22,f,r,test,,2,1,5,0.19750845711691875,,0,False,1.6981521998532116,False,img_A,img_B,,-0.7039051076252197,-128.8146346954152,182.67761331850886,956,[np.int64(426)],,,,,,low,0.19750845711691875,4,seismograph_06s,batter_04s,11,21,31,42,15,001,22,f,r,0.19750845711691875,True,0.5981210736084265,True,"['low', 'high', 'low', 'high', 'low', 'high']",low,
,,132,15,001,22,f,r,test,,2,1,6,0.19750845711691875,,0,False,3.513279200065881,False,img_B,img_A,,4.398982235608989,805.0137491164451,575.1650761950796,1342,[np.int64(355)],,,,,,low,0.19750845711691875,5,footrest_01b,lip_balm_08s,11,21,31,42,15,001,22,f,r,0.19750845711691875,True,0.5981210736084265,True,"['low', 'high', 'low', 'high', 'low', 'high']",low,
,,133,15,001,22,f,r,test,,2,1,7,0.19750845711691875,,1,False,1.6062016999348998,False,img_A,img_A,,-5.470392592891303,-1001.0818444991085,401.5196640828264,1574,[np.int64(957)],,,,,,low,0.19750845711691875,3,belt_buckle_14s,fingerprint_01b,11,21,31,41,15,001,22,f,r,0.19750845711691875,True,0.5981210736084265,True,"['low', 'high', 'low', 'high', 'low', 'high']",low,
,,134,15,001,22,f,r,test,,2,1,8,0.19750845711691875,,1,False,1.256810599938035,False,img_A,img_A,,6.17421135571546,1123.7064667402137,275.0675543404469,1235,[np.int64(1100)],,,,,,low,0.19750845711691875,4,figurine_11s,lamb_chop_18s,11,21,31,41,15,001,22,f,r,0.19750845711691875,True,0.5981210736084265,True,"['low', 'high', 'low', 'high', 'low', 'high']",low,
,,135,15,001,22,f,r,test,,2,1,9,0.19750845711691875,,0,False,1.1981657999567688,False,img_B,img_A,,0.376386922619919,68.50241991682526,333.7675495714485,127,[np.int64(324)],,,,,,low,0.19750845711691875,5,marker_08s,peanut_12s,11,21,31,42,15,001,22,f,r,0.19750845711691875,True,0.5981210736084265,True,"['low', 'high', 'low', 'high', 'low', 'high']",low,
,,136,15,001,22,f,r,test,,2,1,10,0.19750845711691875,,0,False,2.434399800375104,False,img_A,img_B,,-1.274644454512042,-233.25993517570367,350.58609341523845,76,[np.int64(260)],,,,,,low,0.19750845711691875,3,sweeper_02s,leotard_13s,11,21,31,42,15,001,22,f,r,0.19750845711691875,True,0.5981210736084265,True,"['low', 'high', 'low', 'high', 'low', 'high']",low,
,,137,15,001,22,f,r,test,,2,1,11,0.19750845711691875,,1,False,2.3481424003839493,False,img_A,img_A,,-15.6301456342313,-2860.3166510643277,247.24632238185924,1102,[np.int64(749)],,,,,,low,0.19750845711691875,2,electric_chair_11s,pan_15s,11,21,31,41,15,001,22,f,r,0.19750845711691875,True,0.5981210736084265,True,"['low', 'high', 'low', 'high', 'low', 'high']",low,
,,138,15,001,22,f,r,test,,2,1,12,0.19750845711691875,,1,False,1.172457699663937,False,img_B,img_B,,5.999655235443667,1091.9372528507474,158.9490955605627,1137,[np.int64(1119)],,,,,,low,0.19750845711691875,4,highlighter_05s,lipstick_12s,11,21,31,41,15,001,22,f,r,0.19750845711691875,True,0.5981210736084265,True,"['low', 'high', 'low', 'high', 'low', 'high']",low,
,,139,15,001,22,f,r,test,,2,1,13,0.19750845711691875,,0,False,2.3519783997908235,False,img_A,img_B,,3.8373977581226444,698.4063919783213,430.86166690819744,1466,[np.int64(770)],,,,,,low,0.19750845711691875,2,trombone_14s,cape_06s,11,21,31,42,15,001,22,f,r,0.19750845711691875,True,0.5981210736084265,True,"['low', 'high', 'low', 'high', 'low', 'high']",low,
,,140,15,001,22,f,r,test,,2,1,14,0.19750845711691875,,1,False,1.3977051000110805,False,img_B,img_B,,2.7793340524008623,508.6181315893578,382.5867551716979,1441,[np.int64(249)],,,,,,low,0.19750845711691875,3,corn_14s,costume_08s,11,21,31,41,15,001,22,f,r,0.19750845711691875,True,0.5981210736084265,True,"['low', 'high', 'low', 'high', 'low', 'high']",low,
,,141,15,001,22,f,r,test,,2,1,15,0.19750845711691875,,1,False,1.440651100128889,False,img_A,img_A,,-0.583321375110031,-106.16449027002565,185.5226586717252,522,[np.int64(699)],,,,,,low,0.19750845711691875,4,dice_14s,pocket_01b,11,21,31,41,15,001,22,f,r,0.19750845711691875,True,0.5981210736084265,True,"['low', 'high', 'low', 'high', 'low', 'high']",low,
,,142,15,001,22,f,r,test,,2,1,16,0.19750845711691875,,0,False,1.1051871003583074,False,img_B,img_A,,6.7686397125074125,1231.8924276763491,271.43998058498715,228,[np.int64(609)],,,,,,low,0.19750845711691875,4,hot-water_bottle_05s,hot_tub_07s,11,21,31,42,15,001,22,f,r,0.19750845711691875,True,0.5981210736084265,True,"['low', 'high', 'low', 'high', 'low', 'high']",low,
,,143,15,001,22,f,r,test,,2,1,17,0.19750845711691875,,1,False,3.269364199601114,False,img_A,img_A,,5.172859910196052,946.6333635658775,381.1793395879284,428,[np.int64(3)],,,,,,low,0.19750845711691875,2,grater_03s,javelin_01s,11,21,31,41,15,001,22,f,r,0.19750845711691875,True,0.5981210736084265,True,"['low', 'high', 'low', 'high', 'low', 'high']",low,
,,144,15,001,22,f,r,test,,2,1,18,0.19750845711691875,,0,False,1.2797647002153099,False,img_A,img_B,,1.348869712035695,245.49428759049647,598.9570075141165,379,[np.int64(1052)],,,,,,low,0.19750845711691875,3,pomegranate_11n,tomato_sauce_14s,11,21,31,42,15,001,22,f,r,0.19750845711691875,True,0.5981210736084265,True,"['low', 'high', 'low', 'high', 'low', 'high']",low,
,,145,15,001,22,f,r,test,,2,1,19,0.19750845711691875,,0,False,1.6876277001574636,False,img_A,img_B,,-4.85993442246155,-884.5080648880021,383.3068905139135,531,[np.int64(1103)],,,,,,low,0.19750845711691875,3,turf_07s,headscarf_07s,11,21,31,42,15,001,22,f,r,0.19750845711691875,True,0.5981210736084265,True,"['low', 'high', 'low', 'high', 'low', 'high']",low,
,,146,15,001,22,f,r,test,,2,1,20,0.19750845711691875,,0,False,1.3350929003208876,False,img_B,img_A,,-7.107614822482703,-1286.4782828693692,356.74453893673643,158,[np.int64(35)],,,,,,low,0.19750845711691875,5,stockings_06s,coal_08s,11,21,31,42,15,001,22,f,r,0.19750845711691875,True,0.5981210736084265,True,"['low', 'high', 'low', 'high', 'low', 'high']",low,
,,147,15,001,22,f,r,test,,2,2,1,0.5981210736084265,,1,False,1.1481095999479294,False,img_A,img_A,,8.859579086235858,1621.302972781162,191.8443129398475,772,[np.int64(224)],,,,,,high,0.5981210736084265,5,hook1_15s,swimsuit_08s,13,23,33,41,15,001,22,f,r,0.19750845711691875,True,0.5981210736084265,True,"['low', 'high', 'low', 'high', 'low', 'high']",low,
,,148,15,001,22,f,r,test,,2,2,2,0.5981210736084265,,1,False,1.714159400202334,False,img_A,img_A,,19.24632117097628,3502.8304531176827,214.17551259145125,860,[np.int64(1227)],,,,,,high,0.5981210736084265,5,coffee_bean_12s,fishnet_stockings_14s,13,23,33,41,15,001,22,f,r,0.19750845711691875,True,0.5981210736084265,True,"['low', 'high', 'low', 'high', 'low', 'high']",low,
,,149,15,001,22,f,r,test,,2,2,3,0.5981210736084265,,1,False,1.135614300146699,False,img_B,img_B,,24.600102965031294,4452.618636670664,129.86938460205414,595,[np.int64(785)],,,,,,high,0.5981210736084265,6,wafer_08s,tiara_08s,13,23,33,41,15,001,22,f,r,0.19750845711691875,True,0.5981210736084265,True,"['low', 'high', 'low', 'high', 'low', 'high']",low,
,,150,15,001,22,f,r,test,,2,2,4,0.5981210736084265,,1,False,1.3220854001119733,False,img_B,img_B,,12.31300852660307,2240.967551841759,133.2628815783021,1412,[np.int64(619)],,,,,,high,0.5981210736084265,5,limousine_10s,pillbox_13s,13,23,33,41,15,001,22,f,r,0.19750845711691875,True,0.5981210736084265,True,"['low', 'high', 'low', 'high', 'low', 'high']",low,
,,151,15,001,22,f,r,test,,2,2,5,0.5981210736084265,,1,False,3.7059149998240173,False,img_B,img_B,,7.726718014717521,1413.9893966933064,165.29385613139337,858,[np.int64(41)],,,,,,high,0.5981210736084265,5,spareribs_10s,dip_04s,13,23,33,41,15,001,22,f,r,0.19750845711691875,True,0.5981210736084265,True,"['low', 'high', 'low', 'high', 'low', 'high']",low,
,,152,15,001,22,f,r,test,,2,2,6,0.5981210736084265,,1,False,1.9045837000012398,False,img_A,img_A,,10.98849939167383,1999.9068892846371,134.38403751609644,678,[np.int64(1104)],,,,,,high,0.5981210736084265,4,glue_11s,hula_hoop_16s,13,23,33,41,15,001,22,f,r,0.19750845711691875,True,0.5981210736084265,True,"['low', 'high', 'low', 'high', 'low', 'high']",low,
,,153,15,001,22,f,r,test,,2,2,7,0.5981210736084265,,1,False,1.6385602997615933,False,img_A,img_A,,14.636920915021351,2678.556527448907,137.80026796151623,706,[np.int64(1267)],,,,,,high,0.5981210736084265,4,suit_14s,nail_08s,13,23,33,41,15,001,22,f,r,0.19750845711691875,True,0.5981210736084265,True,"['low', 'high', 'low', 'high', 'low', 'high']",low,
,,154,15,001,22,f,r,test,,2,2,8,0.5981210736084265,,1,False,2.2979346001520753,False,img_A,img_A,,26.194089617768803,4741.130220816153,153.3882584786927,1181,[np.int64(1432)],,,,,,high,0.5981210736084265,3,tiramisu_12s,grapefruit_09s,13,23,33,41,15,001,22,f,r,0.19750845711691875,True,0.5981210736084265,True,"['low', 'high', 'low', 'high', 'low', 'high']",low,
,,155,15,001,22,f,r,test,,2,2,9,0.5981210736084265,,1,False,1.2353079998865724,False,img_A,img_A,,11.211976515160238,2040.5797257591632,172.29824641580856,828,[np.int64(1379)],,,,,,high,0.5981210736084265,5,ticktacktoe_09s,origami_03s,13,23,33,41,15,001,22,f,r,0.19750845711691875,True,0.5981210736084265,True,"['low', 'high', 'low', 'high', 'low', 'high']",low,
,,156,15,001,22,f,r,test,,2,2,10,0.5981210736084265,,1,False,1.2283765999600291,False,img_B,img_B,,25.640964995912746,4666.65562925612,100.14794958167761,653,[np.int64(928)],,,,,,high,0.5981210736084265,6,nutcracker_06s,tack_06s,13,23,33,41,15,001,22,f,r,0.19750845711691875,True,0.5981210736084265,True,"['low', 'high', 'low', 'high', 'low', 'high']",low,
,,157,15,001,22,f,r,test,,2,2,11,0.5981210736084265,,1,False,1.1138961999677122,False,img_A,img_A,,18.820537093738313,3425.337751060373,179.93239823078116,606,[np.int64(806)],,,,,,high,0.5981210736084265,5,corset_09s,ramp_09s,13,23,33,41,15,001,22,f,r,0.19750845711691875,True,0.5981210736084265,True,"['low', 'high', 'low', 'high', 'low', 'high']",low,
,,158,15,001,22,f,r,test,,2,2,12,0.5981210736084265,,1,False,1.1523480997420847,False,img_A,img_A,,14.328769839593873,2607.836110806085,209.70909768114922,740,[np.int64(997)],,,,,,high,0.5981210736084265,6,mitten_08s,sock_13s,13,23,33,41,15,001,22,f,r,0.19750845711691875,True,0.5981210736084265,True,"['low', 'high', 'low', 'high', 'low', 'high']",low,
,,159,15,001,22,f,r,test,,2,2,13,0.5981210736084265,,1,False,1.4836817998439074,False,img_A,img_A,,18.923461307554106,3444.069957974847,163.29777467734624,1311,[np.int64(839)],,,,,,high,0.5981210736084265,4,keyboard_15s,suitcase_11s,13,23,33,41,15,001,22,f,r,0.19750845711691875,True,0.5981210736084265,True,"['low', 'high', 'low', 'high', 'low', 'high']",low,
,,160,15,001,22,f,r,test,,2,2,14,0.5981210736084265,,1,False,1.2489625997841358,False,img_B,img_B,,20.435024859009957,3719.1745243398123,219.57129981852444,617,[np.int64(1067)],,,,,,high,0.5981210736084265,4,marshmallow_12s,headset_09s,13,23,33,41,15,001,22,f,r,0.19750845711691875,True,0.5981210736084265,True,"['low', 'high', 'low', 'high', 'low', 'high']",low,
,,161,15,001,22,f,r,test,,2,2,15,0.5981210736084265,,1,False,1.571529300417751,False,img_A,img_A,,26.360704085603583,4797.648143579852,152.8306265431043,1171,[np.int64(533)],,,,,,high,0.5981210736084265,5,coin_15s,stamp1_05s,13,23,33,41,15,001,22,f,r,0.19750845711691875,True,0.5981210736084265,True,"['low', 'high', 'low', 'high', 'low', 'high']",low,
,,162,15,001,22,f,r,test,,2,2,16,0.5981210736084265,,1,False,1.03464090032503,False,img_B,img_B,,16.272905447883993,2977.941696962771,245.41821810700807,954,[np.int64(1487)],,,,,,high,0.5981210736084265,5,bulletproof_vest_03s,meatball_14s,13,23,33,41,15,001,22,f,r,0.19750845711691875,True,0.5981210736084265,True,"['low', 'high', 'low', 'high', 'low', 'high']",low,
,,163,15,001,22,f,r,test,,2,2,17,0.5981210736084265,,1,False,1.071330700069666,False,img_B,img_B,,18.72582869293625,3389.374993421461,208.80512379845672,1191,[np.int64(1542)],,,,,,high,0.5981210736084265,4,t-shirt_06s,staple_06s,13,23,33,41,15,001,22,f,r,0.19750845711691875,True,0.5981210736084265,True,"['low', 'high', 'low', 'high', 'low', 'high']",low,
,,164,15,001,22,f,r,test,,2,2,18,0.5981210736084265,,1,False,1.5081632998771966,False,img_A,img_A,,21.024843150114542,3826.5214533208464,127.4121243782918,1404,[np.int64(784)],,,,,,high,0.5981210736084265,5,exerciser_05s,computer_screen_12s,13,23,33,41,15,001,22,f,r,0.19750845711691875,True,0.5981210736084265,True,"['low', 'high', 'low', 'high', 'low', 'high']",low,
,,165,15,001,22,f,r,test,,2,2,19,0.5981210736084265,,1,False,1.1964552998542786,False,img_A,img_A,,10.728257047667443,1952.5427826754744,122.35903828497665,651,[np.int64(802)],,,,,,high,0.5981210736084265,4,pickle_09s,shoelace_06s,13,23,33,41,15,001,22,f,r,0.19750845711691875,True,0.5981210736084265,True,"['low', 'high', 'low', 'high', 'low', 'high']",low,
,,166,15,001,22,f,r,test,,2,2,20,0.5981210736084265,,1,False,1.317306200042367,False,img_B,img_B,,20.986668855161973,3840.560400494641,123.90373404761802,361,[np.int64(1084)],,,,,,high,0.5981210736084265,3,playing_card_12s,eyeliner_10s,13,23,33,41,15,001,22,f,r,0.19750845711691875,True,0.5981210736084265,True,"['low', 'high', 'low', 'high', 'low', 'high']",low,
,,167,15,001,22,f,r,test,,2,3,1,0.19750845711691875,,1,False,2.3333422001451254,False,img_B,img_B,,-5.21916653803725,-944.6691433847423,241.1117976326452,809,[np.int64(217)],,,,,,low,0.19750845711691875,2,blower_10s,thumbtack_15n,11,21,31,41,15,001,22,f,r,0.19750845711691875,True,0.5981210736084265,True,"['low', 'high', 'low', 'high', 'low', 'high']",low,
,,168,15,001,22,f,r,test,,2,3,2,0.19750845711691875,,0,False,1.3704685000702739,False,img_B,img_A,,4.817818512600247,876.8429692932449,215.04925044664057,370,[np.int64(1018)],,,,,,low,0.19750845711691875,2,boot_09s,jigsaw_puzzle_09s,11,21,31,42,15,001,22,f,r,0.19750845711691875,True,0.5981210736084265,True,"['low', 'high', 'low', 'high', 'low', 'high']",low,
,,169,15,001,22,f,r,test,,2,3,3,0.19750845711691875,,0,False,1.1696910001337528,False,img_A,img_B,,5.219477231260196,949.9448560893557,384.86183281082083,638,[np.int64(1511)],,,,,,low,0.19750845711691875,3,tamale_13s,cheeseburger_12s,11,21,31,42,15,001,22,f,r,0.19750845711691875,True,0.5981210736084265,True,"['low', 'high', 'low', 'high', 'low', 'high']",low,
,,170,15,001,22,f,r,test,,2,3,4,0.19750845711691875,,1,False,3.089814600069076,False,img_A,img_A,,1.791013304122629,325.9644213503185,266.90653269119844,212,[np.int64(953)],,,,,,low,0.19750845711691875,2,ukulele_14s,chalk_02s,11,21,31,41,15,001,22,f,r,0.19750845711691875,True,0.5981210736084265,True,"['low', 'high', 'low', 'high', 'low', 'high']",low,
,,171,15,001,22,f,r,test,,2,3,5,0.19750845711691875,,1,False,1.374715399928391,False,img_B,img_B,,15.566795635938298,2833.1568057407703,163.1907717600836,562,[np.int64(49)],,,,,,low,0.19750845711691875,3,pin_12s,baklava_11s,11,21,31,41,15,001,22,f,r,0.19750845711691875,True,0.5981210736084265,True,"['low', 'high', 'low', 'high', 'low', 'high']",low,
,,172,15,001,22,f,r,test,,2,3,6,0.19750845711691875,,1,False,1.0597334997728467,False,img_A,img_A,,-2.09589927271778,-381.45366763463596,384.18769742757036,1004,[np.int64(352)],,,,,,low,0.19750845711691875,3,sink_03s,comic_book_08s,11,21,31,41,15,001,22,f,r,0.19750845711691875,True,0.5981210736084265,True,"['low', 'high', 'low', 'high', 'low', 'high']",low,
,,173,15,001,22,f,r,test,,2,3,7,0.19750845711691875,,1,False,1.6000113999471068,False,img_B,img_B,,12.582278639507793,2277.3924337509106,235.68212936128023,888,[np.int64(1345)],,,,,,low,0.19750845711691875,4,ruby_14s,throne_02s,11,21,31,41,15,001,22,f,r,0.19750845711691875,True,0.5981210736084265,True,"['low', 'high', 'low', 'high', 'low', 'high']",low,
,,174,15,001,22,f,r,test,,2,3,8,0.19750845711691875,,1,False,1.9861941998824477,False,img_A,img_A,,5.326609101371209,969.4428564495599,341.40250833014943,330,[np.int64(26)],,,,,,low,0.19750845711691875,3,safety_pin_03s,iceskate_07s,11,21,31,41,15,001,22,f,r,0.19750845711691875,True,0.5981210736084265,True,"['low', 'high', 'low', 'high', 'low', 'high']",low,
,,175,15,001,22,f,r,test,,2,3,9,0.19750845711691875,,0,False,2.071400399785489,False,img_B,img_A,,4.210769350641757,766.3600218167999,290.74848459573786,1047,[np.int64(416)],,,,,,low,0.19750845711691875,2,peach_09n,yarn_10s,11,21,31,42,15,001,22,f,r,0.19750845711691875,True,0.5981210736084265,True,"['low', 'high', 'low', 'high', 'low', 'high']",low,
,,176,15,001,22,f,r,test,,2,3,10,0.19750845711691875,,0,False,2.1205267999321222,False,img_B,img_A,,-9.450044695832473,-1719.90813464151,290.5730793359573,241,[np.int64(183)],,,,,,low,0.19750845711691875,3,hanger_13n,hot_chocolate_12s,11,21,31,42,15,001,22,f,r,0.19750845711691875,True,0.5981210736084265,True,"['low', 'high', 'low', 'high', 'low', 'high']",low,
,,177,15,001,22,f,r,test,,2,3,11,0.19750845711691875,,0,False,1.091940099839121,False,img_B,img_A,,0.08415978857125384,15.317081519968198,265.1805653177752,1527,[np.int64(259)],,,,,,low,0.19750845711691875,4,spider_web_06s,jersey_07s,11,21,31,42,15,001,22,f,r,0.19750845711691875,True,0.5981210736084265,True,"['low', 'high', 'low', 'high', 'low', 'high']",low,
,,178,15,001,22,f,r,test,,2,3,12,0.19750845711691875,,0,False,1.1240976001136005,False,img_B,img_A,,-4.6378506184236805,-844.0888125531098,226.81465096635722,1517,[np.int64(393)],,,,,,low,0.19750845711691875,3,razor_09s,burrito_05s,11,21,31,42,15,001,22,f,r,0.19750845711691875,True,0.5981210736084265,True,"['low', 'high', 'low', 'high', 'low', 'high']",low,
,,179,15,001,22,f,r,test,,2,3,13,0.19750845711691875,,1,False,1.829420399852097,False,img_A,img_A,,4.469897046982953,813.5212625508974,215.16785535289625,539,[np.int64(786)],,,,,,low,0.19750845711691875,2,refrigerator_11s,bin_01b,11,21,31,41,15,001,22,f,r,0.19750845711691875,True,0.5981210736084265,True,"['low', 'high', 'low', 'high', 'low', 'high']",low,
,,180,15,001,22,f,r,test,,2,3,14,0.19750845711691875,,0,False,2.5493731000460684,False,img_B,img_A,,-1.8807193085539287,-342.290914156815,150.53458904468766,1076,[np.int64(400)],,,,,,low,0.19750845711691875,1,cookie_11s,doorknocker_08s,11,21,31,42,15,001,22,f,r,0.19750845711691875,True,0.5981210736084265,True,"['low', 'high', 'low', 'high', 'low', 'high']",low,
,,181,15,001,22,f,r,test,,2,3,15,0.19750845711691875,,1,False,1.0285116997547448,False,img_A,img_A,,4.1013885121871665,746.4527092180642,161.43727291533222,587,[np.int64(517)],,,,,,low,0.19750845711691875,3,garter_02s,wetsuit_09s,11,21,31,41,15,001,22,f,r,0.19750845711691875,True,0.5981210736084265,True,"['low', 'high', 'low', 'high', 'low', 'high']",low,
,,182,15,001,22,f,r,test,,2,3,16,0.19750845711691875,,0,False,2.5197573001496494,False,img_B,img_A,,-1.4145836634427547,-258.8688104100241,130.50215418636822,1320,[np.int64(903)],,,,,,low,0.19750845711691875,3,ham_05s,coverall_11s,11,21,31,42,15,001,22,f,r,0.19750845711691875,True,0.5981210736084265,True,"['low', 'high', 'low', 'high', 'low', 'high']",low,
,,183,15,001,22,f,r,test,,2,3,17,0.19750845711691875,,0,False,2.816543099936098,False,img_A,img_B,,7.32083804569166,1332.3925243158822,227.68509671956562,1573,[np.int64(149)],,,,,,low,0.19750845711691875,1,toothpick_14n,cardboard_07s,11,21,31,42,15,001,22,f,r,0.19750845711691875,True,0.5981210736084265,True,"['low', 'high', 'low', 'high', 'low', 'high']",low,
,,184,15,001,22,f,r,test,,2,3,18,0.19750845711691875,,1,False,4.718994999770075,False,img_B,img_B,,6.548932213947698,1191.905662938481,225.95262599937357,1139,[np.int64(384)],,,,,,low,0.19750845711691875,3,joystick_02s,contact_lens_13s,11,21,31,41,15,001,22,f,r,0.19750845711691875,True,0.5981210736084265,True,"['low', 'high', 'low', 'high', 'low', 'high']",low,
,,185,15,001,22,f,r,test,,2,3,19,0.19750845711691875,,1,False,1.58928809966892,False,img_A,img_A,,6.899680353274848,1248.8421439427475,206.91372792073406,640,[np.int64(1308)],,,,,,low,0.19750845711691875,3,pita_08s,container_04s,11,21,31,41,15,001,22,f,r,0.19750845711691875,True,0.5981210736084265,True,"['low', 'high', 'low', 'high', 'low', 'high']",low,
,,186,15,001,22,f,r,test,,2,3,20,0.19750845711691875,,0,False,4.803399600088596,False,img_B,img_A,,3.7631392911898653,688.6544902877454,252.08703342434276,598,[np.int64(147)],,,,,,low,0.19750845711691875,2,chickpea_02s,wood_03s,11,21,31,42,15,001,22,f,r,0.19750845711691875,True,0.5981210736084265,True,"['low', 'high', 'low', 'high', 'low', 'high']",low,
,,187,15,001,22,f,r,test,,2,4,1,0.5981210736084265,,1,False,1.2483439999632537,False,img_A,img_A,,15.21807292656821,2754.471199708846,187.1247237926862,1476,[np.int64(1125)],,,,,,high,0.5981210736084265,4,brush_04s,chili_11s,13,23,33,41,15,001,22,f,r,0.19750845711691875,True,0.5981210736084265,True,"['low', 'high', 'low', 'high', 'low', 'high']",low,
,,188,15,001,22,f,r,test,,2,4,2,0.5981210736084265,,1,False,1.393396200146526,False,img_A,img_A,,15.605681677631868,2824.628383651368,161.8001019985193,756,[np.int64(1217)],,,,,,high,0.5981210736084265,3,taffy_08s,jelly_bean_13n,13,23,33,41,15,001,22,f,r,0.19750845711691875,True,0.5981210736084265,True,"['low', 'high', 'low', 'high', 'low', 'high']",low,
,,189,15,001,22,f,r,test,,2,4,3,0.5981210736084265,,1,False,1.3739511002786458,False,img_A,img_A,,11.205229717778575,2050.557038353479,130.9974906588508,1437,[np.int64(697)],,,,,,high,0.5981210736084265,6,peppermint_02s,paint_01b,13,23,33,41,15,001,22,f,r,0.19750845711691875,True,0.5981210736084265,True,"['low', 'high', 'low', 'high', 'low', 'high']",low,
,,190,15,001,22,f,r,test,,2,4,4,0.5981210736084265,,1,False,1.2471758001483977,False,img_A,img_A,,16.704039770276314,3056.839277960565,210.3455525412062,1546,[np.int64(734)],,,,,,high,0.5981210736084265,3,wallet_05s,ice_cube_03s,13,23,33,41,15,001,22,f,r,0.19750845711691875,True,0.5981210736084265,True,"['low', 'high', 'low', 'high', 'low', 'high']",low,
,,191,15,001,22,f,r,test,,2,4,5,0.5981210736084265,,1,False,1.1268580998294055,False,img_B,img_B,,18.9963862439435,3476.338682641661,200.25770689784855,892,[np.int64(910)],,,,,,high,0.5981210736084265,5,ravioli_15s,pliers_10s,13,23,33,41,15,001,22,f,r,0.19750845711691875,True,0.5981210736084265,True,"['low', 'high', 'low', 'high', 'low', 'high']",low,
,,192,15,001,22,f,r,test,,2,4,6,0.5981210736084265,,1,False,1.2371478001587093,False,img_A,img_A,,15.205425330867227,2767.387410217835,146.06584713128154,1509,[np.int64(1166)],,,,,,high,0.5981210736084265,4,shopping_basket_05s,sequin_08s,13,23,33,41,15,001,22,f,r,0.19750845711691875,True,0.5981210736084265,True,"['low', 'high', 'low', 'high', 'low', 'high']",low,
,,193,15,001,22,f,r,test,,2,4,7,0.5981210736084265,,1,False,1.2566378000192344,False,img_A,img_A,,24.05958067506086,4378.843682861077,147.88943207177275,491,[np.int64(1310)],,,,,,high,0.5981210736084265,4,money_14s,piggy_bank_01b,13,23,33,41,15,001,22,f,r,0.19750845711691875,True,0.5981210736084265,True,"['low', 'high', 'low', 'high', 'low', 'high']",low,
,,194,15,001,22,f,r,test,,2,4,8,0.5981210736084265,,1,False,1.1066945004276931,False,img_A,img_A,,15.653521195170656,2864.59437871623,159.83481590532944,1164,[np.int64(774)],,,,,,high,0.5981210736084265,3,hobbyhorse_04s,sausage_08s,13,23,33,41,15,001,22,f,r,0.19750845711691875,True,0.5981210736084265,True,"['low', 'high', 'low', 'high', 'low', 'high']",low,
,,195,15,001,22,f,r,test,,2,4,9,0.5981210736084265,,1,False,1.2423919001594186,False,img_A,img_A,,20.690288498727337,3765.632506768375,178.97885010146186,625,[np.int64(831)],,,,,,high,0.5981210736084265,5,vacuum_04s,grain_05s,13,23,33,41,15,001,22,f,r,0.19750845711691875,True,0.5981210736084265,True,"['low', 'high', 'low', 'high', 'low', 'high']",low,
,,196,15,001,22,f,r,test,,2,4,10,0.5981210736084265,,1,False,1.3088714997284114,False,img_A,img_A,,16.78939520457243,3055.669927232182,219.54571884631878,1252,[np.int64(583)],,,,,,high,0.5981210736084265,7,hood_06s,dough_17s,13,23,33,41,15,001,22,f,r,0.19750845711691875,True,0.5981210736084265,True,"['low', 'high', 'low', 'high', 'low', 'high']",low,
,,197,15,001,22,f,r,test,,2,4,11,0.5981210736084265,,1,False,1.4541193000040948,False,img_B,img_B,,10.638115145803265,1936.1369565361942,92.73773640949067,987,[np.int64(1340)],,,,,,high,0.5981210736084265,3,coffee_filter_05s,creme_brulee_07s,13,23,33,41,15,001,22,f,r,0.19750845711691875,True,0.5981210736084265,True,"['low', 'high', 'low', 'high', 'low', 'high']",low,
,,198,15,001,22,f,r,test,,2,4,12,0.5981210736084265,,1,False,1.25687070004642,False,img_A,img_A,,9.935999806497241,1808.351964782498,107.54428440844872,950,[np.int64(879)],,,,,,high,0.5981210736084265,4,egg_15s,crucifix_09s,13,23,33,41,15,001,22,f,r,0.19750845711691875,True,0.5981210736084265,True,"['low', 'high', 'low', 'high', 'low', 'high']",low,
,,199,15,001,22,f,r,test,,2,4,13,0.5981210736084265,,1,False,2.0361647000536323,False,img_A,img_A,,20.6627361443631,3760.6179782740846,199.05245846785013,1151,[np.int64(286)],,,,,,high,0.5981210736084265,3,barrette_09s,teabag_09s,13,23,33,41,15,001,22,f,r,0.19750845711691875,True,0.5981210736084265,True,"['low', 'high', 'low', 'high', 'low', 'high']",low,
,,200,15,001,22,f,r,test,,2,4,14,0.5981210736084265,,1,False,2.4027573000639677,False,img_A,img_A,,17.307981541483333,3150.052640549967,162.2853193923515,709,[np.int64(1160)],,,,,,high,0.5981210736084265,2,windsock_09s,vending_machine_03s,13,23,33,41,15,001,22,f,r,0.19750845711691875,True,0.5981210736084265,True,"['low', 'high', 'low', 'high', 'low', 'high']",low,
,,201,15,001,22,f,r,test,,2,4,15,0.5981210736084265,,1,False,1.0008284002542496,False,img_B,img_B,,12.160775827528179,2213.2612006101285,201.7304197919014,973,[np.int64(1317)],,,,,,high,0.5981210736084265,4,icicle_12s,clothespin_08s,13,23,33,41,15,001,22,f,r,0.19750845711691875,True,0.5981210736084265,True,"['low', 'high', 'low', 'high', 'low', 'high']",low,
,,202,15,001,22,f,r,test,,2,4,16,0.5981210736084265,,1,False,0.9869635002687573,False,img_B,img_B,,18.032149954429883,3281.851291706239,198.58917691606752,203,[np.int64(1215)],,,,,,high,0.5981210736084265,5,lingerie_06s,dumbbell_10s,13,23,33,41,15,001,22,f,r,0.19750845711691875,True,0.5981210736084265,True,"['low', 'high', 'low', 'high', 'low', 'high']",low,
,,203,15,001,22,f,r,test,,2,4,17,0.5981210736084265,,1,False,1.131345100235194,False,img_A,img_A,,16.76583839698753,3051.3825882517303,184.2479873962644,197,[np.int64(1508)],,,,,,high,0.5981210736084265,5,gold_13s,mixer_03s,13,23,33,41,15,001,22,f,r,0.19750845711691875,True,0.5981210736084265,True,"['low', 'high', 'low', 'high', 'low', 'high']",low,
,,204,15,001,22,f,r,test,,2,4,18,0.5981210736084265,,0,False,1.1735888002440333,False,img_A,img_B,,12.37389229734411,2264.422290413972,240.4037594988916,1299,[np.int64(1469)],,,,,,high,0.5981210736084265,3,robot_14s,pizza_03s,13,23,33,42,15,001,22,f,r,0.19750845711691875,True,0.5981210736084265,True,"['low', 'high', 'low', 'high', 'low', 'high']",low,
,,205,15,001,22,f,r,test,,2,4,19,0.5981210736084265,,1,False,1.1119846003130078,False,img_B,img_B,,16.70368996124241,3056.775262907361,236.37806085128716,189,[np.int64(60)],,,,,,high,0.5981210736084265,5,lollipop_01b,emerald_08n,13,23,33,41,15,001,22,f,r,0.19750845711691875,True,0.5981210736084265,True,"['low', 'high', 'low', 'high', 'low', 'high']",low,
,,206,15,001,22,f,r,test,,2,4,20,0.5981210736084265,,1,False,1.2600318999029696,False,img_B,img_B,,12.006922352802539,2185.259868210062,134.65028028819165,527,[np.int64(1270)],,,,,,high,0.5981210736084265,4,mosquito_net_02s,veil_01s,13,23,33,41,15,001,22,f,r,0.19750845711691875,True,0.5981210736084265,True,"['low', 'high', 'low', 'high', 'low', 'high']",low,
,,207,15,001,22,f,r,test,,2,5,1,0.19750845711691875,,0,False,4.4283518004231155,False,img_A,img_B,,19.999547890889417,3639.917716141874,272.8160963311565,1231,[np.int64(1182)],,,,,,low,0.19750845711691875,1,plaster_cast_13s,undershirt_04s,11,21,31,42,15,001,22,f,r,0.19750845711691875,True,0.5981210736084265,True,"['low', 'high', 'low', 'high', 'low', 'high']",low,
,,208,15,001,22,f,r,test,,2,5,2,0.19750845711691875,,1,False,1.2065921002067626,False,img_A,img_A,,-0.5335836898461368,-97.64581524184302,140.1607975839802,663,[np.int64(660)],,,,,,low,0.19750845711691875,2,flipper_12s,hotdog_03s,11,21,31,41,15,001,22,f,r,0.19750845711691875,True,0.5981210736084265,True,"['low', 'high', 'low', 'high', 'low', 'high']",low,
,,209,15,001,22,f,r,test,,2,5,3,0.19750845711691875,,0,False,1.6179086999036372,False,img_A,img_B,,-6.073054046733187,-1111.3688905521733,444.7721874339882,373,[np.int64(901)],,,,,,low,0.19750845711691875,2,cellphone_11s,paperclip_07s,11,21,31,42,15,001,22,f,r,0.19750845711691875,True,0.5981210736084265,True,"['low', 'high', 'low', 'high', 'low', 'high']",low,
,,210,15,001,22,f,r,test,,2,5,4,0.19750845711691875,,1,False,3.2889359002001584,False,img_A,img_A,,4.907759546106681,898.1199969375227,395.0738314523545,1491,[np.int64(386)],,,,,,low,0.19750845711691875,1,flan_02s,videocassette_07n,11,21,31,41,15,001,22,f,r,0.19750845711691875,True,0.5981210736084265,True,"['low', 'high', 'low', 'high', 'low', 'high']",low,
,,211,15,001,22,f,r,test,,2,5,5,0.19750845711691875,,0,False,2.700861600227654,False,img_B,img_A,,8.9588623927918,1639.4718178808996,315.1724161618843,939,[np.int64(111)],,,,,,low,0.19750845711691875,2,sarcophagus_08s,cork_10s,11,21,31,42,15,001,22,f,r,0.19750845711691875,True,0.5981210736084265,True,"['low', 'high', 'low', 'high', 'low', 'high']",low,
,,212,15,001,22,f,r,test,,2,5,6,0.19750845711691875,,0,False,2.0670320000499487,False,img_B,img_A,,2.027425111698897,371.0187954408981,309.2592216425794,1444,[np.int64(895)],,,,,,low,0.19750845711691875,3,eye_patch_11s,belt_14s,11,21,31,42,15,001,22,f,r,0.19750845711691875,True,0.5981210736084265,True,"['low', 'high', 'low', 'high', 'low', 'high']",low,
,,213,15,001,22,f,r,test,,2,5,7,0.19750845711691875,,1,False,1.8529801000840962,False,img_A,img_A,,-1.6312994629631994,-296.8965022593023,234.4026949159259,19,[np.int64(912)],,,,,,low,0.19750845711691875,2,straightjacket_05s,snowball_01b,11,21,31,41,15,001,22,f,r,0.19750845711691875,True,0.5981210736084265,True,"['low', 'high', 'low', 'high', 'low', 'high']",low,
,,214,15,001,22,f,r,test,,2,5,8,0.19750845711691875,,0,False,3.5833398001268506,False,img_B,img_A,,-12.899820427100757,-2347.7673177323377,148.7707600673041,737,[np.int64(627)],,,,,,low,0.19750845711691875,3,sushi_08s,toast_13s,11,21,31,42,15,001,22,f,r,0.19750845711691875,True,0.5981210736084265,True,"['low', 'high', 'low', 'high', 'low', 'high']",low,
,,215,15,001,22,f,r,test,,2,5,9,0.19750845711691875,,0,False,3.270280399825424,False,img_B,img_A,,5.643760314323782,1027.1643772069283,433.5517902705268,887,[np.int64(238)],,,,,,low,0.19750845711691875,2,backscratcher_12s,step_stool_06s,11,21,31,42,15,001,22,f,r,0.19750845711691875,True,0.5981210736084265,True,"['low', 'high', 'low', 'high', 'low', 'high']",low,
,,216,15,001,22,f,r,test,,2,5,10,0.19750845711691875,,0,False,1.5999912996776402,False,img_A,img_B,,0.3358322732575435,61.121473732872914,236.00809507585822,966,[np.int64(2)],,,,,,low,0.19750845711691875,2,curling_iron_03s,shower_cap_12s,11,21,31,42,15,001,22,f,r,0.19750845711691875,True,0.5981210736084265,True,"['low', 'high', 'low', 'high', 'low', 'high']",low,
,,217,15,001,22,f,r,test,,2,5,11,0.19750845711691875,,1,False,1.4871068000793457,False,img_B,img_B,,4.87456040680871,887.1699940391852,348.2630926961175,307,[np.int64(1314)],,,,,,low,0.19750845711691875,3,roll_01b,solar_panel_04s,11,21,31,41,15,001,22,f,r,0.19750845711691875,True,0.5981210736084265,True,"['low', 'high', 'low', 'high', 'low', 'high']",low,
,,218,15,001,22,f,r,test,,2,5,12,0.19750845711691875,,1,False,1.247805600054562,False,img_B,img_B,,17.577120516893768,3199.0359340746654,235.24081219565383,1363,[np.int64(1155)],,,,,,low,0.19750845711691875,3,pinball_09s,headdress_11s,11,21,31,41,15,001,22,f,r,0.19750845711691875,True,0.5981210736084265,True,"['low', 'high', 'low', 'high', 'low', 'high']",low,
,,219,15,001,22,f,r,test,,2,5,13,0.19750845711691875,,1,False,1.922269900329411,False,img_A,img_A,,1.7474023741708882,318.02723209910164,405.1006167241948,450,[np.int64(650)],,,,,,low,0.19750845711691875,1,tattoo_04s,breadstick_14s,11,21,31,41,15,001,22,f,r,0.19750845711691875,True,0.5981210736084265,True,"['low', 'high', 'low', 'high', 'low', 'high']",low,
,,220,15,001,22,f,r,test,,2,5,14,0.19750845711691875,,1,False,1.370459099765867,False,img_A,img_A,,9.03557491369311,1644.4746342921458,257.60706806045874,1475,[np.int64(123)],,,,,,low,0.19750845711691875,2,chaps_14s,handbrake_03s,11,21,31,41,15,001,22,f,r,0.19750845711691875,True,0.5981210736084265,True,"['low', 'high', 'low', 'high', 'low', 'high']",low,
,,221,15,001,22,f,r,test,,2,5,15,0.19750845711691875,,1,False,1.9303874000906944,False,img_A,img_A,,3.2939207724720343,602.7875013623823,435.15309497793834,1048,[np.int64(1011)],,,,,,low,0.19750845711691875,2,walker1_03s,cotton_candy_08s,11,21,31,41,15,001,22,f,r,0.19750845711691875,True,0.5981210736084265,True,"['low', 'high', 'low', 'high', 'low', 'high']",low,
,,222,15,001,22,f,r,test,,2,5,16,0.19750845711691875,,1,False,1.3153576999902725,False,img_A,img_A,,1.8811314864496096,342.36593053382893,233.04407374980292,712,[np.int64(1101)],,,,,,low,0.19750845711691875,3,lego_12s,chicken1_08s,11,21,31,41,15,001,22,f,r,0.19750845711691875,True,0.5981210736084265,True,"['low', 'high', 'low', 'high', 'low', 'high']",low,
,,223,15,001,22,f,r,test,,2,5,17,0.19750845711691875,,0,False,1.112756900023669,False,img_A,img_B,,-4.460436075992054,-811.7993658305538,368.39128173538114,1040,[np.int64(135)],,,,,,low,0.19750845711691875,3,french_horn_05s,trap_07s,11,21,31,42,15,001,22,f,r,0.19750845711691875,True,0.5981210736084265,True,"['low', 'high', 'low', 'high', 'low', 'high']",low,
,,224,15,001,22,f,r,test,,2,5,18,0.19750845711691875,,0,False,1.2431907998397946,False,img_A,img_B,,6.210515310345063,1136.5243017931466,339.8505107865026,84,[np.int64(499)],,,,,,low,0.19750845711691875,4,light_switch_17s,bowtie_14s,11,21,31,42,15,001,22,f,r,0.19750845711691875,True,0.5981210736084265,True,"['low', 'high', 'low', 'high', 'low', 'high']",low,
,,225,15,001,22,f,r,test,,2,5,19,0.19750845711691875,,1,False,2.969958100002259,False,img_A,img_A,,-3.233152873858524,-591.6669759161099,359.1225412644028,1515,[np.int64(494)],,,,,,low,0.19750845711691875,3,bracelet2_08s,gyro_01b,11,21,31,41,15,001,22,f,r,0.19750845711691875,True,0.5981210736084265,True,"['low', 'high', 'low', 'high', 'low', 'high']",low,
,,226,15,001,22,f,r,test,,2,5,20,0.19750845711691875,,1,False,1.1958249998278916,False,img_B,img_B,,5.3860523137772045,985.6475734212285,330.4845739084035,1417,[np.int64(654)],,,,,,low,0.19750845711691875,2,squirt_gun_15s,candy_10s,11,21,31,41,15,001,22,f,r,0.19750845711691875,True,0.5981210736084265,True,"['low', 'high', 'low', 'high', 'low', 'high']",low,
,,227,15,001,22,f,r,test,,2,6,1,0.5981210736084265,,1,False,1.3721034000627697,False,img_A,img_A,,23.503924295279678,4301.218146036181,200.81105045749837,1557,[np.int64(586)],,,,,,high,0.5981210736084265,4,pajamas_13s,caviar_07s,13,23,33,41,15,001,22,f,r,0.19750845711691875,True,0.5981210736084265,True,"['low', 'high', 'low', 'high', 'low', 'high']",low,
,,228,15,001,22,f,r,test,,2,6,2,0.5981210736084265,,1,False,1.0431166999042034,False,img_B,img_B,,11.026875794171143,2006.8913945391482,182.11290255522212,186,[np.int64(1294)],,,,,,high,0.5981210736084265,4,parfait_17s,mullet_03s,13,23,33,41,15,001,22,f,r,0.19750845711691875,True,0.5981210736084265,True,"['low', 'high', 'low', 'high', 'low', 'high']",low,
,,229,15,001,22,f,r,test,,2,6,3,0.5981210736084265,,1,False,1.1423114002682269,False,img_B,img_B,,17.06783802985864,3106.3465214342723,126.45707008347281,1241,[np.int64(141)],,,,,,high,0.5981210736084265,6,eggnog_02s,tent_12s,13,23,33,41,15,001,22,f,r,0.19750845711691875,True,0.5981210736084265,True,"['low', 'high', 'low', 'high', 'low', 'high']",low,
,,230,15,001,22,f,r,test,,2,6,4,0.5981210736084265,,1,False,1.2864641998894513,False,img_A,img_A,,16.75682976418873,3032.98618731816,147.64153209375633,1179,[np.int64(1106)],,,,,,high,0.5981210736084265,5,apron_10s,slot_machine_05s,13,23,33,41,15,001,22,f,r,0.19750845711691875,True,0.5981210736084265,True,"['low', 'high', 'low', 'high', 'low', 'high']",low,
,,231,15,001,22,f,r,test,,2,6,5,0.5981210736084265,,1,False,1.1214956999756396,False,img_A,img_A,,16.975570458016346,3106.5293938169916,186.2830904646151,1280,[np.int64(1316)],,,,,,high,0.5981210736084265,5,gum_10s,biscuit_09s,13,23,33,41,15,001,22,f,r,0.19750845711691875,True,0.5981210736084265,True,"['low', 'high', 'low', 'high', 'low', 'high']",low,
,,232,15,001,22,f,r,test,,2,6,6,0.5981210736084265,,1,False,1.0397409996949136,False,img_B,img_B,,23.909371408215208,4327.596224886953,104.92777272286651,151,[np.int64(644)],,,,,,high,0.5981210736084265,4,hairnet_07s,hearse_06s,13,23,33,41,15,001,22,f,r,0.19750845711691875,True,0.5981210736084265,True,"['low', 'high', 'low', 'high', 'low', 'high']",low,
,,233,15,001,22,f,r,test,,2,6,7,0.5981210736084265,,1,False,1.1028591999784112,False,img_A,img_A,,18.84389011660933,3429.588001222898,157.2709416923795,836,[np.int64(805)],,,,,,high,0.5981210736084265,3,dreidel_13s,mouse2_09s,13,23,33,41,15,001,22,f,r,0.19750845711691875,True,0.5981210736084265,True,"['low', 'high', 'low', 'high', 'low', 'high']",low,
,,234,15,001,22,f,r,test,,2,6,8,0.5981210736084265,,1,False,1.3706558998674154,False,img_B,img_B,,19.10375945217555,3457.7804608437746,167.9095242651463,137,[np.int64(1032)],,,,,,high,0.5981210736084265,5,coffee_13s,birthday_cake_12s,13,23,33,41,15,001,22,f,r,0.19750845711691875,True,0.5981210736084265,True,"['low', 'high', 'low', 'high', 'low', 'high']",low,
,,235,15,001,22,f,r,test,,2,6,9,0.5981210736084265,,1,False,0.9970931001007557,False,img_B,img_B,,24.059529969399847,4378.834454430772,172.39998876900103,37,[np.int64(1046)],,,,,,high,0.5981210736084265,5,gas_mask_01b,pasta_06s,13,23,33,41,15,001,22,f,r,0.19750845711691875,True,0.5981210736084265,True,"['low', 'high', 'low', 'high', 'low', 'high']",low,
,,236,15,001,22,f,r,test,,2,6,10,0.5981210736084265,,1,False,1.0656145000830293,False,img_A,img_A,,13.333667834047562,2426.727545796656,207.15179463781854,601,[np.int64(222)],,,,,,high,0.5981210736084265,4,snorkel_05s,pesto_07s,13,23,33,41,15,001,22,f,r,0.19750845711691875,True,0.5981210736084265,True,"['low', 'high', 'low', 'high', 'low', 'high']",low,
,,237,15,001,22,f,r,test,,2,6,11,0.5981210736084265,,1,False,1.091595800127834,False,img_B,img_B,,21.757493639736147,3981.621336071715,166.09858625116053,406,[np.int64(165)],,,,,,high,0.5981210736084265,5,bowling_ball_01b,latte_01b,13,23,33,41,15,001,22,f,r,0.19750845711691875,True,0.5981210736084265,True,"['low', 'high', 'low', 'high', 'low', 'high']",low,
,,238,15,001,22,f,r,test,,2,6,12,0.5981210736084265,,1,False,1.0734027000144124,False,img_A,img_A,,19.471922604408665,3543.889914002377,194.71237672711544,874,[np.int64(1157)],,,,,,high,0.5981210736084265,3,banana_06s,bedpan_08s,13,23,33,41,15,001,22,f,r,0.19750845711691875,True,0.5981210736084265,True,"['low', 'high', 'low', 'high', 'low', 'high']",low,
,,239,15,001,22,f,r,test,,2,6,13,0.5981210736084265,,1,False,1.0583617999218404,False,img_A,img_A,,15.763749594619107,2869.0024262206775,171.99058343781573,331,[np.int64(198)],,,,,,high,0.5981210736084265,5,skirt_02s,bracelet1_12s,13,23,33,41,15,001,22,f,r,0.19750845711691875,True,0.5981210736084265,True,"['low', 'high', 'low', 'high', 'low', 'high']",low,
,,240,15,001,22,f,r,test,,2,6,14,0.5981210736084265,,1,False,1.0323727997019887,False,img_B,img_B,,12.177784002467876,2216.3566884491534,196.57400198356183,154,[np.int64(1414)],,,,,,high,0.5981210736084265,5,tee_01b,wrap_09s,13,23,33,41,15,001,22,f,r,0.19750845711691875,True,0.5981210736084265,True,"['low', 'high', 'low', 'high', 'low', 'high']",low,
,,241,15,001,22,f,r,test,,2,6,15,0.5981210736084265,,1,False,1.329231099691242,False,img_A,img_A,,15.880248300198023,2890.2051906360402,157.2250144406678,813,[np.int64(564)],,,,,,high,0.5981210736084265,3,gauze_02s,pancake_08s,13,23,33,41,15,001,22,f,r,0.19750845711691875,True,0.5981210736084265,True,"['low', 'high', 'low', 'high', 'low', 'high']",low,
,,242,15,001,22,f,r,test,,2,6,16,0.5981210736084265,,1,False,1.0846187002025545,False,img_A,img_A,,6.176984878554316,1130.38823277544,121.29596646421446,891,[np.int64(526)],,,,,,high,0.5981210736084265,5,footbath_02s,saxophone_07s,13,23,33,41,15,001,22,f,r,0.19750845711691875,True,0.5981210736084265,True,"['low', 'high', 'low', 'high', 'low', 'high']",low,
,,243,15,001,22,f,r,test,,2,6,17,0.5981210736084265,,1,False,1.0344855999574065,False,img_A,img_A,,14.18360885519919,2595.6004205014515,227.3254057882344,952,[np.int64(1174)],,,,,,high,0.5981210736084265,6,football_04s,dumpling_13s,13,23,33,41,15,001,22,f,r,0.19750845711691875,True,0.5981210736084265,True,"['low', 'high', 'low', 'high', 'low', 'high']",low,
,,244,15,001,22,f,r,test,,2,6,18,0.5981210736084265,,1,False,1.173374000005424,False,img_A,img_A,,7.969644288099593,1450.4752604341259,114.85187032259437,418,[np.int64(513)],,,,,,high,0.5981210736084265,4,fur_coat_12s,hydrant_12s,13,23,33,41,15,001,22,f,r,0.19750845711691875,True,0.5981210736084265,True,"['low', 'high', 'low', 'high', 'low', 'high']",low,
,,245,15,001,22,f,r,test,,2,6,19,0.5981210736084265,,1,False,1.1297627999447286,False,img_A,img_A,,13.18527776820827,2399.720553813905,197.89514376087826,1549,[np.int64(1086)],,,,,,high,0.5981210736084265,4,boxer_shorts_09s,chips_03s,13,23,33,41,15,001,22,f,r,0.19750845711691875,True,0.5981210736084265,True,"['low', 'high', 'low', 'high', 'low', 'high']",low,
,,246,15,001,22,f,r,test,,2,6,20,0.5981210736084265,,1,False,1.1913546002469957,False,img_A,img_A,,21.56320580166515,3924.503455903057,166.01786124909785,201,[np.int64(1024)],,,,,,high,0.5981210736084265,6,ironing_board_01b,fishhook_09s,13,23,33,41,15,001,22,f,r,0.19750845711691875,True,0.5981210736084265,True,"['low', 'high', 'low', 'high', 'low', 'high']",low,
