thisRow.t,notes,overall_trial_num,participant,session,age,gender,handedness,phase,calib_target,n_shapes,block_num,trial_in_block,prop_used,stimulus_logit,detection_accuracy,is_timeout,rt_choice,early_response,true_controlled,response_controlled,quest_alpha_sd,mean_evidence,sum_evidence,var_evidence,target_snippet_id,distractor_snippet_ids,quest_alpha_mean,quest_beta_mean,quest_beta_sd,quest_lambda_mean,quest_lambda_sd,control_condition,threshold_75,agency_rating,img_A_name,img_B_name,trigger_fix,trigger_stim_onset,trigger_motion_start,trigger_resp_onset,trigger_resp_val,trigger_agency_onset,target_is_left,participant,session,age,gender,handedness,quest_prop_low,quest_low_converged,quest_prop_high,quest_high_converged,miniblock_order,starts_with,
,,1,15,001,20,f,r,calibration,0.55,2,0,1,0.347354013008391,-0.6306903787402434,0,False,2.716882699984126,False,square,dot,0.7868489501376656,13.973231551417616,2473.261984600918,219.92914626947996,1315,[np.int64(1244)],0.08546844611530306,3.2884933912590077,2.0699589733917225,0.0266646667842519,0.021664116488440077,,,,,,,,,,,,,15,001,20,f,r,,,,,,,
,,2,15,001,20,f,r,calibration,0.55,2,0,2,0.5350820483873121,0.14055915473515587,1,False,0.7117286000866443,False,dot,dot,0.7680685877645114,18.60105866957295,3403.99373653185,178.38495424386443,637,[np.int64(317)],-0.06239143700573463,3.2968115039161887,2.0738354920765576,0.02633574150448608,0.02160265882743015,,,,,,,,,,,,,15,001,20,f,r,,,,,,,
,,3,15,001,20,f,r,calibration,0.55,2,0,3,0.5350820483873121,0.14055915473515587,1,False,0.5189264001091942,False,square,square,0.7386941509577899,15.648458956341358,2848.0195300541272,184.94546629254037,799,[np.int64(674)],-0.19599638378391793,3.320733594217113,2.083914488125944,0.025983896614999752,0.02153275512190456,,,,,,,,,,,,,15,001,20,f,r,,,,,,,
,,4,15,001,20,f,r,calibration,0.55,2,0,4,0.5350820483873121,0.14055915473515587,1,False,0.7236267999978736,False,square,square,0.7042880712139795,10.250829046779646,1875.9017155606753,193.21464063373313,567,[np.int64(604)],-0.3120815790034459,3.3577691000380265,2.09887292076611,0.025613595780084104,0.021454525462129854,,,,,,,,,,,,,15,001,20,f,r,,,,,,,
,,5,15,001,20,f,r,calibration,0.55,2,0,5,0.47090191089840744,-0.11652402308997703,1,False,0.6816605000058189,False,square,square,0.6790583197267984,19.9670051125904,3653.961935604043,236.78054535887512,867,[np.int64(1015)],-0.4269904921471382,3.3844717444201766,2.110190441626942,0.025265865323374898,0.021376789281911265,,,,,,,,,,,,,15,001,20,f,r,,,,,,,
,,6,15,001,20,f,r,calibration,0.55,2,0,6,0.347354013008391,-0.6306903787402434,1,False,0.762810799991712,False,square,square,0.6818987905101231,-2.6898804368789646,-492.24811994885056,295.6456340570906,1130,[np.int64(1122)],-0.5487408554775369,3.3520602599352745,2.0957192452205087,0.02499745250400725,0.021314055146616114,,,,,,,,,,,,,15,001,20,f,r,,,,,,,
,,7,15,001,20,f,r,calibration,0.55,2,0,7,0.347354013008391,-0.6306903787402434,1,False,0.6424823000561446,False,square,square,0.6772031074230581,8.899470578919948,1628.6031159423505,509.0924887012041,776,[np.int64(1435)],-0.6701547994908685,3.337368132187306,2.0886943205557684,0.02470611719280538,0.021243057567786657,,,,,,,,,,,,,15,001,20,f,r,,,,,,,
,,8,15,001,20,f,r,calibration,0.55,2,0,8,0.29156950079727495,-0.887773556565376,1,False,0.4788342999527231,False,square,square,0.6816185192101772,6.80963060125521,1239.3527694284483,256.890821938513,1539,[np.int64(1014)],-0.7929801241014247,3.3036281810400325,2.0736367108914457,0.02444384192486186,0.02117664123833414,,,,,,,,,,,,,15,001,20,f,r,,,,,,,
,,9,15,001,20,f,r,calibration,0.55,2,0,9,0.29156950079727495,-0.887773556565376,0,False,0.7242382999975234,False,dot,square,0.5864874152941396,10.352807003702447,1853.152453662738,156.4250834991597,516,[np.int64(793)],-0.4811647510496438,3.343554427174206,2.091728559289542,0.025166133223532353,0.021348458617916777,,,,,,,,,,,,,15,001,20,f,r,,,,,,,
,,10,15,001,20,f,r,calibration,0.55,2,0,10,0.47090191089840744,-0.11652402308997703,1,False,0.5501088000601158,False,dot,dot,0.5535251507974972,9.443896073338806,1718.7890853476626,236.38772927719236,781,[np.int64(588)],-0.559253083504274,3.396517811845367,2.113723178107865,0.02479059035681648,0.021258367741856042,,,,,,,,,,,,,15,001,20,f,r,,,,,,,
,,11,15,001,20,f,r,calibration,0.55,2,0,11,0.47090191089840744,-0.11652402308997703,1,False,0.9630385000491515,False,square,square,0.5245920103233447,0.9285497996907778,325.920979691463,46.29283940566928,8,[np.int64(937)],nan,nan,nan,nan,nan,,,,,,,,,,,,,15,001,20,f,r,,,,,,,
,,12,15,001,20,f,r,calibration,0.55,2,0,12,0.40766968306220214,-0.37360720091511007,1,False,0.6909781999420375,False,dot,dot,0.5055522392131498,-0.09370835415745828,-20.896962977113194,15.58763372394786,824,[np.int64(296)],nan,nan,nan,nan,nan,,,,,,,,,,,,,15,001,20,f,r,,,,,,,
,,13,15,001,20,f,r,calibration,0.55,2,0,13,0.347354013008391,-0.6306903787402434,1,False,0.6414295999566093,False,dot,dot,0.49774129088715685,0.7118716202854016,184.37474965391903,13.614690766620331,79,[np.int64(777)],nan,nan,nan,nan,nan,,,,,,,,,,,,,15,001,20,f,r,,,,,,,
,,14,15,001,20,f,r,calibration,0.55,2,0,14,0.29156950079727495,-0.887773556565376,1,False,0.6442110000643879,False,dot,dot,0.5015780617587803,0.5453298193616847,132.51514610488937,4.9637810222470105,303,[np.int64(167)],nan,nan,nan,nan,nan,,,,,,,,,,,,,15,001,20,f,r,,,,,,,
,,15,15,001,20,f,r,calibration,0.55,2,0,15,0.29156950079727495,-0.887773556565376,1,False,0.643340399954468,False,square,square,0.5025858921691385,1.0577852858309056,228.48162173947563,16.383409188119717,1112,[np.int64(938)],nan,nan,nan,nan,nan,,,,,,,,,,,,,15,001,20,f,r,,,,,,,
,,16,15,001,20,f,r,calibration,0.55,2,0,16,0.29156950079727495,-0.887773556565376,1,False,0.7236972000682727,False,dot,dot,0.5007276313826096,0.4256629206423673,87.68656165232767,11.871995615753859,863,[np.int64(403)],nan,nan,nan,nan,nan,,,,,,,,,,,,,15,001,20,f,r,,,,,,,
,,17,15,001,20,f,r,calibration,0.55,2,0,17,0.2414297750189407,-1.1448567343905092,1,False,1.190054800012149,False,dot,dot,0.508553527424444,0.9595947320030579,178.48462015256877,28.244133370297497,178,[np.int64(827)],nan,nan,nan,nan,nan,,,,,,,,,,,,,15,001,20,f,r,,,,,,,
,,18,15,001,20,f,r,calibration,0.55,2,0,18,0.2414297750189407,-1.1448567343905092,0,False,0.6472541999537498,False,dot,square,0.4306334908855804,0.690002385610593,131.10045326601266,21.509787805939126,1373,[np.int64(730)],nan,nan,nan,nan,nan,,,,,,,,,,,,,15,001,20,f,r,,,,,,,
,,19,15,001,20,f,r,calibration,0.55,2,0,19,0.347354013008391,-0.6306903787402434,0,False,0.6392958998912945,False,square,dot,0.4185652122361262,0.3433884361618092,95.80537368914477,3.385389109143116,1388,[np.int64(991)],nan,nan,nan,nan,nan,,,,,,,,,,,,,15,001,20,f,r,,,,,,,
,,20,15,001,20,f,r,calibration,0.55,2,0,20,0.40766968306220214,-0.37360720091511007,1,False,0.701285699964501,False,dot,dot,0.39924114591836785,1.1069875831000806,210.3276407890153,13.523876605428832,285,[np.int64(607)],-0.7055562749828919,3.3282474298520994,2.065504196132775,0.0243831737687195,0.021130360592128743,,,,,,,,,,,,,15,001,20,f,r,,,,,,,
,,21,15,001,20,f,r,calibration,0.55,2,0,21,0.40766968306220214,-0.37360720091511007,1,False,0.5909145999467,False,dot,dot,0.38255397675554137,1.8836074400078282,346.5837689614404,37.34886390263284,639,[np.int64(1372)],nan,nan,nan,nan,nan,,,,,,,,,,,,,15,001,20,f,r,,,,,,,
,,22,15,001,20,f,r,calibration,0.55,2,0,22,0.347354013008391,-0.6306903787402434,1,False,0.9784569999901578,False,square,square,0.3728615193132521,0.715250307379264,133.0365571725431,1.6846066476075912,852,[np.int64(947)],nan,nan,nan,nan,nan,,,,,,,,,,,,,15,001,20,f,r,,,,,,,
,,23,15,001,20,f,r,calibration,0.55,2,0,23,0.347354013008391,-0.6306903787402434,1,False,0.6463238999713212,False,square,square,0.3637350465753049,1.6318675146867303,329.6372379667195,33.33157292160329,696,[np.int64(724)],nan,nan,nan,nan,nan,,,,,,,,,,,,,15,001,20,f,r,,,,,,,
,,24,15,001,20,f,r,calibration,0.55,2,0,24,0.347354013008391,-0.6306903787402434,1,False,0.6234311000443995,False,dot,dot,0.35534234851794483,1.1629607916403597,212.82182487018582,8.842141047634243,629,[np.int64(1402)],nan,nan,nan,nan,nan,,,,,,,,,,,,,15,001,20,f,r,,,,,,,
,,25,15,001,20,f,r,calibration,0.55,2,0,25,0.29156950079727495,-0.887773556565376,1,False,0.6786000999854878,False,dot,dot,0.35438657445919286,0.8899552353747711,274.99616773080425,11.261333403075454,30,[np.int64(1461)],nan,nan,nan,nan,nan,,,,,,,,,,,,,15,001,20,f,r,,,,,,,
,,26,15,001,20,f,r,calibration,0.55,2,0,26,0.29156950079727495,-0.887773556565376,1,False,0.5785605000564829,False,square,square,0.3528857094095636,1.9706581967742445,376.3957155838807,13.934687161112379,1548,[np.int64(1596)],nan,nan,nan,nan,nan,,,,,,,,,,,,,15,001,20,f,r,,,,,,,
,,27,15,001,20,f,r,calibration,0.55,2,0,27,0.29156950079727495,-0.887773556565376,0,False,0.7128581000724807,False,dot,square,0.3199124235416008,1.1719851887146493,229.70909698807128,26.862121616159392,711,[np.int64(773)],nan,nan,nan,nan,nan,,,,,,,,,,,,,15,001,20,f,r,,,,,,,
,,28,15,001,20,f,r,calibration,0.55,2,0,28,0.347354013008391,-0.6306903787402434,1,False,1.3980087999952957,False,dot,dot,0.31174977461536646,0.6236998152659278,122.86886360738777,10.19098744405181,1170,[np.int64(507)],nan,nan,nan,nan,nan,,,,,,,,,,,,,15,001,20,f,r,,,,,,,
,,29,15,001,20,f,r,calibration,0.55,2,0,29,0.347354013008391,-0.6306903787402434,1,False,0.715225400053896,False,dot,dot,0.3045348179934774,-1.329750505767057,-388.2871476839806,47.35540634766719,855,[np.int64(1188)],nan,nan,nan,nan,nan,,,,,,,,,,,,,15,001,20,f,r,,,,,,,
,,30,15,001,20,f,r,calibration,0.55,2,0,30,0.29156950079727495,-0.887773556565376,1,False,0.8836608999408782,False,dot,dot,0.3032664433365061,1.3082456699036504,243.333694602079,9.829624456058696,1322,[np.int64(246)],-0.9339849256811349,3.5762007595226577,2.1801374827487257,0.022432000680317234,0.02054272789481257,,,,,,,,,,,,,15,001,20,f,r,,,,,,,
,,31,15,001,20,f,r,calibration,0.55,2,0,31,0.29156950079727495,-0.887773556565376,1,False,0.9451212000567466,False,square,square,0.3018658118850418,0.21687129525200347,41.20554609788066,3.3242090567143854,812,[np.int64(1457)],nan,nan,nan,nan,nan,,,,,,,,,,,,,15,001,20,f,r,,,,,,,
,,32,15,001,20,f,r,calibration,0.55,2,0,32,0.29156950079727495,-0.887773556565376,1,False,2.3462644000537694,False,dot,dot,0.30037083202254417,0.8842908380850137,180.3953309693428,3.1945322932613975,611,[np.int64(899)],nan,nan,nan,nan,nan,,,,,,,,,,,,,15,001,20,f,r,,,,,,,
,,33,15,001,20,f,r,calibration,0.55,2,0,33,0.29156950079727495,-0.887773556565376,1,False,0.5983935999684036,False,dot,dot,0.2988300791642949,0.7530586008666634,156.63618898026598,6.871039889762089,994,[np.int64(506)],nan,nan,nan,nan,nan,,,,,,,,,,,,,15,001,20,f,r,,,,,,,
,,34,15,001,20,f,r,calibration,0.55,2,0,34,0.29156950079727495,-0.887773556565376,1,False,1.1276318000163883,False,dot,dot,0.2972964020091019,0.5414250175004626,110.99212858759483,2.970950888683314,1423,[np.int64(1152)],nan,nan,nan,nan,nan,,,,,,,,,,,,,15,001,20,f,r,,,,,,,
,,35,15,001,20,f,r,calibration,0.55,2,0,35,0.2414297750189407,-1.1448567343905092,1,False,0.73357209993992,False,dot,dot,0.30249538221627664,-0.0766070805176801,-14.708559459394579,5.265399711340295,70,[np.int64(410)],nan,nan,nan,nan,nan,,,,,,,,,,,,,15,001,20,f,r,,,,,,,
,,36,15,001,20,f,r,calibration,0.55,2,0,36,0.2414297750189407,-1.1448567343905092,1,False,0.6919865999370813,False,square,square,0.3071334986655745,-0.2749905342641401,-70.39757677161987,38.177410189382975,1463,[np.int64(1338)],nan,nan,nan,nan,nan,,,,,,,,,,,,,15,001,20,f,r,,,,,,,
,,37,15,001,20,f,r,calibration,0.55,2,0,37,0.2414297750189407,-1.1448567343905092,0,False,0.6290750000625849,False,dot,square,0.267457915741742,-0.8934302663960886,-165.28459928327638,10.974665725536559,1326,[np.int64(325)],nan,nan,nan,nan,nan,,,,,,,,,,,,,15,001,20,f,r,,,,,,,
,,38,15,001,20,f,r,calibration,0.55,2,0,38,0.29156950079727495,-0.887773556565376,0,False,0.8199279999826103,False,dot,square,0.2531989460730865,0.5124838276201665,94.80950810973081,19.28486723060261,1033,[np.int64(50)],nan,nan,nan,nan,nan,,,,,,,,,,,,,15,001,20,f,r,,,,,,,
,,39,15,001,20,f,r,calibration,0.55,2,0,39,0.29156950079727495,-0.887773556565376,1,False,1.1369771999306977,False,square,square,0.2500667042002817,0.843712129153648,158.61788028088583,6.283693982227874,293,[np.int64(714)],nan,nan,nan,nan,nan,,,,,,,,,,,,,15,001,20,f,r,,,,,,,
,,40,15,001,20,f,r,calibration,0.55,2,0,40,0.29156950079727495,-0.887773556565376,0,False,0.6448992000659928,False,square,dot,0.24161114303138603,1.3095427465569789,244.88449360615505,15.179833254281746,1440,[np.int64(990)],-0.8812169759699613,3.3922807670412087,2.072805337581073,0.023300857614366136,0.020783807115666315,,,,,,,,,,,,,15,001,20,f,r,,,,,,,
,,41,15,001,20,f,r,calibration,0.55,2,0,41,0.347354013008391,-0.6306903787402434,0,False,1.0500174999469891,False,dot,square,0.2493504805167399,1.63812015218258,322.7096699799682,19.89600044769025,1442,[np.int64(667)],nan,nan,nan,nan,nan,,,,,,,,,,,,,15,001,20,f,r,,,,,,,
,,42,15,001,20,f,r,calibration,0.55,2,0,42,0.347354013008391,-0.6306903787402434,1,False,0.6357185000088066,False,dot,dot,0.24217659555486043,1.3919331860892703,306.22530093963945,12.680455602988586,1061,[np.int64(1525)],nan,nan,nan,nan,nan,,,,,,,,,,,,,15,001,20,f,r,,,,,,,
,,43,15,001,20,f,r,calibration,0.55,2,0,43,0.347354013008391,-0.6306903787402434,0,False,0.7444531000219285,False,square,dot,0.25033834199990274,0.49705329165884043,147.6248276226756,12.269592953353687,1520,[np.int64(1025)],nan,nan,nan,nan,nan,,,,,,,,,,,,,15,001,20,f,r,,,,,,,
,,44,15,001,20,f,r,calibration,0.55,2,0,44,0.40766968306220214,-0.37360720091511007,1,False,0.5693875999422744,False,dot,dot,0.2419882266948024,0.7512703033164977,199.83790068218838,11.94473028816713,476,[np.int64(996)],nan,nan,nan,nan,nan,,,,,,,,,,,,,15,001,20,f,r,,,,,,,
,,45,15,001,20,f,r,calibration,0.55,2,0,45,0.347354013008391,-0.6306903787402434,0,False,0.5676772999577224,False,square,dot,0.24948194734295648,0.6535989944036288,146.40617474641286,14.454940509916792,1056,[np.int64(1503)],nan,nan,nan,nan,nan,,,,,,,,,,,,,15,001,20,f,r,,,,,,,
,,46,15,001,20,f,r,calibration,0.55,2,0,46,0.40766968306220214,-0.37360720091511007,0,False,0.7393638000357896,False,square,dot,0.2706935055347129,0.3044021421886308,94.66906622066418,2.052490063918728,1592,[np.int64(868)],nan,nan,nan,nan,nan,,,,,,,,,,,,,15,001,20,f,r,,,,,,,
,,47,15,001,20,f,r,calibration,0.55,2,0,47,0.40766968306220214,-0.37360720091511007,0,False,0.5517519999993965,False,square,dot,0.294908529395064,0.19578661199170538,76.55256528875681,1.995348772758194,1360,[np.int64(1526)],nan,nan,nan,nan,nan,,,,,,,,,,,,,15,001,20,f,r,,,,,,,
,,48,15,001,20,f,r,calibration,0.55,2,0,48,0.47090191089840744,-0.11652402308997703,1,False,0.8713264999678358,False,dot,dot,0.2803701265370594,1.1953934229071939,259.40037277086105,8.149715254566066,978,[np.int64(671)],nan,nan,nan,nan,nan,,,,,,,,,,,,,15,001,20,f,r,,,,,,,
,,49,15,001,20,f,r,calibration,0.55,2,0,49,0.47090191089840744,-0.11652402308997703,1,False,0.5805873000063002,False,square,square,0.26815448874974906,1.578820029642393,322.0792860470482,30.5409854927313,470,[np.int64(548)],nan,nan,nan,nan,nan,,,,,,,,,,,,,15,001,20,f,r,,,,,,,
,,50,15,001,20,f,r,calibration,0.55,2,0,50,0.40766968306220214,-0.37360720091511007,1,False,0.5926001000916585,False,square,square,0.2582778788256259,1.230645608457464,237.51460243229053,8.033020925384907,245,[np.int64(1042)],-0.5776191710795957,2.5248422417314162,1.4184794964921275,0.028628753880151084,0.02179010634399871,,,,,,,,,,,,,15,001,20,f,r,,,,,,,
,,51,15,001,20,f,r,calibration,0.55,2,0,51,0.40766968306220214,-0.37360720091511007,1,False,0.5944391000084579,False,square,square,0.2495552173497241,1.2219457295989196,243.16720019018499,11.033215467819307,205,[np.int64(277)],nan,nan,nan,nan,nan,,,,,,,,,,,,,15,001,20,f,r,,,,,,,
,,52,15,001,20,f,r,calibration,0.55,2,0,52,0.40766968306220214,-0.37360720091511007,1,False,0.6401685000164434,False,square,square,0.24183086228036607,0.7020329932926784,143.91676362499908,4.394984860638656,138,[np.int64(732)],nan,nan,nan,nan,nan,,,,,,,,,,,,,15,001,20,f,r,,,,,,,
,,53,15,001,20,f,r,calibration,0.55,2,0,53,0.40766968306220214,-0.37360720091511007,1,False,0.6923151999944821,False,square,square,0.23496571629301347,0.8457402604433985,177.60545469311367,7.698186117993185,1105,[np.int64(982)],nan,nan,nan,nan,nan,,,,,,,,,,,,,15,001,20,f,r,,,,,,,
,,54,15,001,20,f,r,calibration,0.55,2,0,54,0.40766968306220214,-0.37360720091511007,0,False,0.5080050000688061,False,dot,square,0.24721312137593437,0.5071362474569059,101.93438573883807,23.838972448402085,1429,[np.int64(1062)],nan,nan,nan,nan,nan,,,,,,,,,,,,,15,001,20,f,r,,,,,,,
,,55,15,001,20,f,r,calibration,0.55,2,0,55,0.40766968306220214,-0.37360720091511007,1,False,0.5339003000408411,False,square,square,0.24001550693436013,0.6643451915124117,144.82725174970574,6.854675024455769,1195,[np.int64(1344)],nan,nan,nan,nan,nan,,,,,,,,,,,,,15,001,20,f,r,,,,,,,
,,56,15,001,20,f,r,calibration,0.55,2,0,56,0.40766968306220214,-0.37360720091511007,1,False,0.8369333000155166,False,dot,dot,0.2335896743562116,0.7659077480905745,157.77699610665834,5.738514644131073,1123,[np.int64(225)],nan,nan,nan,nan,nan,,,,,,,,,,,,,15,001,20,f,r,,,,,,,
,,57,15,001,20,f,r,calibration,0.55,2,0,57,0.40766968306220214,-0.37360720091511007,1,False,0.7091939999954775,False,square,square,0.2278250105129297,0.4498752714147635,103.47131242539561,3.0064769515857144,814,[np.int64(688)],nan,nan,nan,nan,nan,,,,,,,,,,,,,15,001,20,f,r,,,,,,,
,,58,15,001,20,f,r,calibration,0.55,2,0,58,0.40766968306220214,-0.37360720091511007,1,False,0.5813570999307558,False,dot,dot,0.22262708329756367,0.7868619241189175,188.0599998644213,3.5150222122233856,1141,[np.int64(719)],nan,nan,nan,nan,nan,,,,,,,,,,,,,15,001,20,f,r,,,,,,,
,,59,15,001,20,f,r,calibration,0.55,2,0,59,0.40766968306220214,-0.37360720091511007,1,False,0.5754218000220135,False,square,square,0.21791624839787166,0.702104545065889,154.46299991449558,2.5723130825671983,890,[np.int64(1194)],nan,nan,nan,nan,nan,,,,,,,,,,,,,15,001,20,f,r,,,,,,,
,,60,15,001,20,f,r,calibration,0.55,2,0,60,0.40766968306220214,-0.37360720091511007,1,False,0.9073180999839678,False,square,square,0.21362588301869673,0.6178560044107998,128.51404891744636,5.102724599812783,1118,[np.int64(736)],-0.6625788205440167,2.6976543879834414,1.5194114778943473,0.026836032282980992,0.021507422073550046,,,,,,,,,,,,,15,001,20,f,r,,,,,,,
,,61,15,001,20,f,r,calibration,0.55,2,0,61,0.40766968306220214,-0.37360720091511007,1,False,0.6901500999229029,False,square,square,0.2097005260939926,0.7743142320897538,156.41147488213028,13.985987259274518,1425,[np.int64(1587)],nan,nan,nan,nan,nan,,,,,,,,,,,,,15,001,20,f,r,,,,,,,
,,62,15,001,20,f,r,calibration,0.55,2,0,62,0.40766968306220214,-0.37360720091511007,1,False,0.6359608999919146,False,dot,dot,0.20609409612763835,0.5166222541910983,122.43947424329029,4.344764842254761,424,[np.int64(830)],nan,nan,nan,nan,nan,,,,,,,,,,,,,15,001,20,f,r,,,,,,,
,,63,15,001,20,f,r,calibration,0.55,2,0,63,0.347354013008391,-0.6306903787402434,0,False,0.5302072999766096,False,square,dot,0.2056811943202671,0.29520530865909345,67.6020156829324,2.9851381874332525,300,[np.int64(168)],nan,nan,nan,nan,nan,,,,,,,,,,,,,15,001,20,f,r,,,,,,,
,,64,15,001,20,f,r,calibration,0.55,2,0,64,0.40766968306220214,-0.37360720091511007,0,False,0.6068919999524951,False,square,dot,0.21144319337692652,0.37364444818210474,86.6855119782483,2.9564026677942663,540,[np.int64(488)],nan,nan,nan,nan,nan,,,,,,,,,,,,,15,001,20,f,r,,,,,,,
,,65,15,001,20,f,r,calibration,0.55,2,0,65,0.40766968306220214,-0.37360720091511007,1,False,0.6827533999457955,False,dot,dot,0.20747034970727857,0.3702021766661771,82.18488321989132,2.8666670887599754,1433,[np.int64(940)],nan,nan,nan,nan,nan,,,,,,,,,,,,,15,001,20,f,r,,,,,,,
,,66,15,001,20,f,r,calibration,0.55,2,0,66,0.40766968306220214,-0.37360720091511007,1,False,0.599005899974145,False,dot,dot,0.2038298536673566,0.590207467180988,136.33792491880823,4.55858576216078,613,[np.int64(180)],nan,nan,nan,nan,nan,,,,,,,,,,,,,15,001,20,f,r,,,,,,,
,,67,15,001,20,f,r,calibration,0.55,2,0,67,0.40766968306220214,-0.37360720091511007,1,False,0.7896826000651345,False,dot,dot,0.20047665291928277,0.4911129837547192,114.42932521484957,4.135317172863458,949,[np.int64(977)],nan,nan,nan,nan,nan,,,,,,,,,,,,,15,001,20,f,r,,,,,,,
,,68,15,001,20,f,r,calibration,0.55,2,0,68,0.40766968306220214,-0.37360720091511007,1,False,0.45963239995762706,False,dot,dot,0.19737325621793567,0.7619168540099969,163.05020675813932,18.911532371321623,1080,[np.int64(854)],nan,nan,nan,nan,nan,,,,,,,,,,,,,15,001,20,f,r,,,,,,,
,,69,15,001,20,f,r,calibration,0.75,2,-1,1,0.5981210736084265,0.3976423325602886,1,False,0.6044293999439105,False,dot,dot,0.8833941500202273,3.5161040742111163,703.2208148422233,25.675464540164864,1242,[np.int64(118)],0.49887896444510554,3.2323377588830704,2.050691472501904,0.0257364756811414,0.02148582368615677,,,,,,,,,,,,,15,001,20,f,r,0.15989317907384526,True,,,,,
,,70,15,001,20,f,r,calibration,0.75,2,-1,2,0.5350820483873121,0.14055915473515587,1,False,0.5536473999964073,False,square,square,0.8974722567509856,1.0899824152313533,252.87592033367395,1.751111744589055,128,[np.int64(861)],0.3118133766571681,3.2082444668428995,2.0424419558677074,0.025480950703595955,0.02143037331807896,,,,,,,,,,,,,15,001,20,f,r,0.15989317907384526,True,,,,,
,,71,15,001,20,f,r,calibration,0.75,2,-1,3,0.5350820483873121,0.14055915473515587,1,False,0.5632478999905288,False,square,square,0.8872830967337415,1.6226059098846732,391.04802428220626,7.006164017724234,1481,[np.int64(1167)],0.12417907816641394,3.202036049568465,2.0413069970393267,0.025192955999298612,0.021365090692057793,,,,,,,,,,,,,15,001,20,f,r,0.15989317907384526,True,,,,,
,,72,15,001,20,f,r,calibration,0.75,2,-1,4,0.5350820483873121,0.14055915473515587,1,False,0.5246939999051392,False,dot,dot,0.8556339725168699,1.6249389641259586,344.48706039470324,5.771715216754698,265,[np.int64(859)],-0.05217551202368467,3.212904805647718,2.0470640208696436,0.02487584370063665,0.021289789542834836,,,,,,,,,,,,,15,001,20,f,r,0.15989317907384526,True,,,,,
,,73,15,001,20,f,r,calibration,0.75,2,-1,5,0.5981210736084265,0.3976423325602886,1,False,0.8874102999689057,False,square,square,0.8003514367271172,2.1569814125151296,485.32081781590415,8.973701208060866,1398,[np.int64(1031)],-0.19317776838267303,3.249692783827168,2.061588839060837,0.024504387610261986,0.02119693986790726,,,,,,,,,,,,,15,001,20,f,r,0.15989317907384526,True,,,,,
,,74,15,001,20,f,r,calibration,0.75,2,-1,6,0.5981210736084265,0.3976423325602886,1,False,0.6471317000687122,False,dot,dot,0.7455100577193209,1.1082499426288113,301.44398439503664,3.043616077969676,98,[np.int64(761)],-0.30702045345973,3.2958042780411603,2.0790037865465876,0.02411873104376625,0.021095329369743843,,,,,,,,,,,,,15,001,20,f,r,0.15989317907384526,True,,,,,
,,75,15,001,20,f,r,calibration,0.75,2,-1,7,0.5350820483873121,0.14055915473515587,1,False,0.6544587999815121,False,dot,dot,0.7005904430629705,1.1022198988969634,321.8482104779133,4.72075451803438,216,[np.int64(16)],-0.4153292982264823,3.3417221114163373,2.09729942929005,0.023748981829506743,0.020992970817421727,,,,,,,,,,,,,15,001,20,f,r,0.15989317907384526,True,,,,,
,,76,15,001,20,f,r,calibration,0.75,2,-1,8,0.40766968306220214,-0.37360720091511007,1,False,0.6080221000593156,False,dot,dot,0.6796966365425421,0.41868099194508746,105.50760997016204,1.208773980212301,574,[np.int64(735)],-0.536614435658069,3.347166072313858,2.098780271092517,0.023441796132000516,0.020904344156043253,,,,,,,,,,,,,15,001,20,f,r,0.15989317907384526,True,,,,,
,,77,15,001,20,f,r,calibration,0.75,2,-1,9,0.347354013008391,-0.6306903787402434,1,False,0.7762484000995755,False,dot,dot,0.6687357149422902,0.3872576950976514,104.55957767636588,2.5246872856427354,662,[np.int64(596)],-0.6576130589227142,3.333519110544848,2.0924404681215183,0.023162240896485956,0.02082078308103772,,,,,,,,,,,,,15,001,20,f,r,0.15989317907384526,True,,,,,
,,78,15,001,20,f,r,calibration,0.75,2,-1,10,0.347354013008391,-0.6306903787402434,0,False,0.7529661000007764,False,square,dot,0.6027989847165311,0.5245314411275032,127.46114019398327,1.8815761619859663,1063,[np.int64(553)],-0.3195775189108301,3.322593478655497,2.088981231828214,0.02403795700527987,0.021065165542295403,,,,,,,,,,,,,15,001,20,f,r,0.15989317907384526,True,,,,,
,,79,15,001,20,f,r,calibration,0.75,2,-1,11,0.5350820483873121,0.14055915473515587,1,False,0.9028402999974787,False,dot,dot,0.5619560538082633,0.7289391638110179,215.03705332425028,2.804287088638833,34,[np.int64(1337)],nan,nan,nan,nan,nan,,,,,,,,,,,,,15,001,20,f,r,0.15989317907384526,True,,,,,
,,80,15,001,20,f,r,calibration,0.75,2,-1,12,0.47090191089840744,-0.11652402308997703,1,False,0.7544531000312418,False,dot,dot,0.5330726094665572,0.412161994684448,117.05400649038323,2.227739063266521,1053,[np.int64(1093)],nan,nan,nan,nan,nan,,,,,,,,,,,,,15,001,20,f,r,0.15989317907384526,True,,,,,
,,81,15,001,20,f,r,calibration,0.75,2,-1,13,0.40766968306220214,-0.37360720091511007,1,False,0.7260688999667764,False,dot,dot,0.5166016023586985,0.34821753640329245,88.44725424643629,2.8913662672933627,239,[np.int64(1055)],nan,nan,nan,nan,nan,,,,,,,,,,,,,15,001,20,f,r,0.15989317907384526,True,,,,,
,,82,15,001,20,f,r,calibration,0.75,2,-1,14,0.40766968306220214,-0.37360720091511007,1,False,1.3791714999824762,False,dot,dot,0.5003211094960047,0.5318980033575699,112.76237671180482,5.47880671614174,247,[np.int64(1419)],nan,nan,nan,nan,nan,,,,,,,,,,,,,15,001,20,f,r,0.15989317907384526,True,,,,,
,,83,15,001,20,f,r,calibration,0.75,2,-1,15,0.347354013008391,-0.6306903787402434,1,False,1.0453769998857751,False,dot,dot,0.49549897457109876,0.15962526410007674,38.46968864811849,4.020383237798916,1128,[np.int64(835)],nan,nan,nan,nan,nan,,,,,,,,,,,,,15,001,20,f,r,0.15989317907384526,True,,,,,
,,84,15,001,20,f,r,calibration,0.75,2,-1,16,0.347354013008391,-0.6306903787402434,1,False,0.7582526999758556,False,square,square,0.48880098668778227,0.930402906779998,188.8717900763396,6.328079430752533,362,[np.int64(1255)],nan,nan,nan,nan,nan,,,,,,,,,,,,,15,001,20,f,r,0.15989317907384526,True,,,,,
,,85,15,001,20,f,r,calibration,0.75,2,-1,17,0.29156950079727495,-0.887773556565376,1,False,1.044365799985826,False,square,square,0.49233837235226197,0.19316629241253777,40.75808769904547,4.825780827873456,524,[np.int64(1277)],nan,nan,nan,nan,nan,,,,,,,,,,,,,15,001,20,f,r,0.15989317907384526,True,,,,,
,,86,15,001,20,f,r,calibration,0.75,2,-1,18,0.29156950079727495,-0.887773556565376,1,False,0.6776958000846207,False,dot,dot,0.4924686690222439,0.3925639797203569,94.21535513288565,1.5300085649557973,675,[np.int64(1399)],nan,nan,nan,nan,nan,,,,,,,,,,,,,15,001,20,f,r,0.15989317907384526,True,,,,,
,,87,15,001,20,f,r,calibration,0.75,2,-1,19,0.29156950079727495,-0.887773556565376,0,False,0.7776240999810398,False,square,dot,0.429104032322225,0.4126629895456603,94.4998246059562,6.937696083954198,472,[np.int64(630)],nan,nan,nan,nan,nan,,,,,,,,,,,,,15,001,20,f,r,0.15989317907384526,True,,,,,
,,88,15,001,20,f,r,calibration,0.75,2,-1,20,0.347354013008391,-0.6306903787402434,1,False,0.9420976999681443,False,square,square,0.4194185422340903,0.4560718291311349,104.4404488710299,6.383455707518171,1111,[np.int64(623)],-0.7638589076941397,3.4522648006615175,2.141633600069786,0.022095313810019238,0.020458525862991375,,,,,,,,,,,,,15,001,20,f,r,0.15989317907384526,True,,,,,
,,89,15,001,20,f,r,calibration,0.75,2,-1,21,0.347354013008391,-0.6306903787402434,1,False,0.7389279999770224,False,dot,dot,0.4096944041281718,0.5321658127757387,141.02394038557077,2.136612371811108,976,[np.int64(999)],nan,nan,nan,nan,nan,,,,,,,,,,,,,15,001,20,f,r,0.15989317907384526,True,,,,,
,,90,15,001,20,f,r,calibration,0.75,2,-1,22,0.347354013008391,-0.6306903787402434,0,False,1.0430790000827983,False,square,dot,0.38651780885729536,0.24380404704235575,55.58732272565711,2.48923618597336,616,[np.int64(1068)],nan,nan,nan,nan,nan,,,,,,,,,,,,,15,001,20,f,r,0.15989317907384526,True,,,,,
,,91,15,001,20,f,r,calibration,0.75,2,-1,23,0.40766968306220214,-0.37360720091511007,1,False,1.174298100057058,False,square,square,0.37080023395358364,0.6262208848060205,133.38504846368235,6.1998502815607734,229,[np.int64(1058)],nan,nan,nan,nan,nan,,,,,,,,,,,,,15,001,20,f,r,0.15989317907384526,True,,,,,
,,92,15,001,20,f,r,calibration,0.75,2,-1,24,0.40766968306220214,-0.37360720091511007,1,False,0.8035356999607757,False,square,square,0.35734130551334997,0.5890311046961183,149.61390059281405,5.631568023046036,1197,[np.int64(648)],nan,nan,nan,nan,nan,,,,,,,,,,,,,15,001,20,f,r,0.15989317907384526,True,,,,,
,,93,15,001,20,f,r,calibration,0.75,2,-1,25,0.347354013008391,-0.6306903787402434,0,False,0.6911929999478161,False,dot,square,0.34019420229596503,0.1438846714606161,37.41001457976019,8.213153734768506,1013,[np.int64(1169)],nan,nan,nan,nan,nan,,,,,,,,,,,,,15,001,20,f,r,0.15989317907384526,True,,,,,
,,94,15,001,20,f,r,calibration,0.75,2,-1,26,0.40766968306220214,-0.37360720091511007,1,False,0.6075563000049442,False,dot,dot,0.3262286061573064,0.5901314886181559,121.56708665534012,6.3268457350026175,605,[np.int64(1455)],nan,nan,nan,nan,nan,,,,,,,,,,,,,15,001,20,f,r,0.15989317907384526,True,,,,,
,,95,15,001,20,f,r,calibration,0.75,2,-1,27,0.40766968306220214,-0.37360720091511007,1,False,1.0599958999082446,False,dot,dot,0.3142587071979433,1.1077372608442482,237.0557738206691,16.651183325217,11,[np.int64(843)],nan,nan,nan,nan,nan,,,,,,,,,,,,,15,001,20,f,r,0.15989317907384526,True,,,,,
,,96,15,001,20,f,r,calibration,0.75,2,-1,28,0.40766968306220214,-0.37360720091511007,1,False,0.6972999999998137,False,square,square,0.3041497715074957,0.6320218205346242,164.3256733390023,4.570527324919756,1069,[np.int64(766)],nan,nan,nan,nan,nan,,,,,,,,,,,,,15,001,20,f,r,0.15989317907384526,True,,,,,
,,97,15,001,20,f,r,calibration,0.75,2,-1,29,0.347354013008391,-0.6306903787402434,1,False,0.6687367999693379,False,dot,dot,0.30028814748386984,0.798255926545739,161.24769716223926,4.958112887528995,169,[np.int64(80)],nan,nan,nan,nan,nan,,,,,,,,,,,,,15,001,20,f,r,0.15989317907384526,True,,,,,
,,98,15,001,20,f,r,calibration,0.75,2,-1,30,0.347354013008391,-0.6306903787402434,1,False,0.929315899964422,False,square,square,0.29673728474102,0.8403014524293221,168.0602904858644,5.384793878955507,166,[np.int64(745)],-0.7369837715566901,3.6018080813721696,2.2054135465076765,0.02164481982269493,0.020273693351504724,,,,,,,,,,,,,15,001,20,f,r,0.15989317907384526,True,,,,,
,,99,15,001,20,f,r,calibration,0.75,2,-1,31,0.347354013008391,-0.6306903787402434,0,False,0.6741367999929935,False,square,dot,0.2794773976792362,1.3810800446843223,270.69168875812716,19.872954676661656,176,[np.int64(962)],nan,nan,nan,nan,nan,,,,,,,,,,,,,15,001,20,f,r,0.15989317907384526,True,,,,,
,,100,15,001,20,f,r,calibration,0.75,2,-1,32,0.40766968306220214,-0.37360720091511007,1,False,0.487025500042364,False,dot,dot,0.270878872409862,0.6962256359492556,159.43567063237953,9.729757518110077,933,[np.int64(463)],nan,nan,nan,nan,nan,,,,,,,,,,,,,15,001,20,f,r,0.15989317907384526,True,,,,,
,,101,15,001,20,f,r,calibration,0.75,2,-1,33,0.40766968306220214,-0.37360720091511007,0,False,0.838085199939087,False,square,dot,0.27745257239930066,0.8561511299012243,183.216341798862,9.770326794253648,36,[np.int64(846)],nan,nan,nan,nan,nan,,,,,,,,,,,,,15,001,20,f,r,0.15989317907384526,True,,,,,
,,102,15,001,20,f,r,calibration,0.75,2,-1,34,0.40766968306220214,-0.37360720091511007,1,False,0.7576551000820473,False,square,square,0.26785275453125557,0.925693742832432,182.3616673379891,16.45492179734637,626,[np.int64(750)],nan,nan,nan,nan,nan,,,,,,,,,,,,,15,001,20,f,r,0.15989317907384526,True,,,,,
,,103,15,001,20,f,r,calibration,0.75,2,-1,35,0.40766968306220214,-0.37360720091511007,1,False,0.7383139999583364,False,square,square,0.2596369759322549,1.1392975204796942,242.67037186217487,12.042906787351622,290,[np.int64(1324)],nan,nan,nan,nan,nan,,,,,,,,,,,,,15,001,20,f,r,0.15989317907384526,True,,,,,
,,104,15,001,20,f,r,calibration,0.75,2,-1,36,0.40766968306220214,-0.37360720091511007,1,False,1.0330870999023318,False,square,square,0.2526417071357856,0.7365120731789534,159.08660780665394,12.672666430815756,880,[np.int64(1368)],nan,nan,nan,nan,nan,,,,,,,,,,,,,15,001,20,f,r,0.15989317907384526,True,,,,,
,,105,15,001,20,f,r,calibration,0.75,2,-1,37,0.40766968306220214,-0.37360720091511007,1,False,0.7966288999887183,False,square,square,0.24671058899633014,0.990053005314482,200.98076007883986,13.284226811507024,1268,[np.int64(998)],nan,nan,nan,nan,nan,,,,,,,,,,,,,15,001,20,f,r,0.15989317907384526,True,,,,,
,,106,15,001,20,f,r,calibration,0.75,2,-1,38,0.40766968306220214,-0.37360720091511007,1,False,1.0182074999902397,False,dot,dot,0.24169922964201068,1.2919787923974662,249.35190693271096,10.82602196762061,1153,[np.int64(684)],nan,nan,nan,nan,nan,,,,,,,,,,,,,15,001,20,f,r,0.15989317907384526,True,,,,,
,,107,15,001,20,f,r,calibration,0.75,2,-1,39,0.347354013008391,-0.6306903787402434,1,False,0.7453589999349788,False,dot,dot,0.24049263799876286,0.83322858866762,175.8112322088678,13.454782456926209,796,[np.int64(1288)],nan,nan,nan,nan,nan,,,,,,,,,,,,,15,001,20,f,r,0.15989317907384526,True,,,,,
,,108,15,001,20,f,r,calibration,0.75,2,-1,40,0.347354013008391,-0.6306903787402434,0,False,1.0611268000211567,False,square,dot,0.22785005169440553,0.642189742806348,132.93327676091403,4.054280910550459,269,[np.int64(1044)],-0.6038859146658162,3.451493363281937,2.1010428377492447,0.022860040432121753,0.02063644753936525,,,,,,,,,,,,,15,001,20,f,r,0.15989317907384526,True,,,,,
,,109,15,001,20,f,r,calibration,0.75,2,-1,41,0.40766968306220214,-0.37360720091511007,0,False,0.8072149000363424,False,square,dot,0.2324762009913032,0.7920874002453743,177.42757765496384,2.9489338755827452,31,[np.int64(164)],nan,nan,nan,nan,nan,,,,,,,,,,,,,15,001,20,f,r,0.15989317907384526,True,,,,,
,,110,15,001,20,f,r,calibration,0.75,2,-1,42,0.40766968306220214,-0.37360720091511007,1,False,0.8037902000360191,False,dot,dot,0.22603485955528654,0.6525340979094082,138.98976285470394,9.233776364164132,1458,[np.int64(1095)],nan,nan,nan,nan,nan,,,,,,,,,,,,,15,001,20,f,r,0.15989317907384526,True,,,,,
,,111,15,001,20,f,r,calibration,0.75,2,-1,43,0.40766968306220214,-0.37360720091511007,1,False,1.2944150000112131,False,dot,dot,0.22046227185267314,0.4086424103942049,101.75196018815701,9.128358327681985,918,[np.int64(25)],nan,nan,nan,nan,nan,,,,,,,,,,,,,15,001,20,f,r,0.15989317907384526,True,,,,,
,,112,15,001,20,f,r,calibration,0.75,2,-1,44,0.40766968306220214,-0.37360720091511007,0,False,1.297905399929732,False,square,dot,0.22577276812087355,1.3632357077789603,271.2839058480131,9.552844136322628,1357,[np.int64(902)],nan,nan,nan,nan,nan,,,,,,,,,,,,,15,001,20,f,r,0.15989317907384526,True,,,,,
,,113,15,001,20,f,r,calibration,0.75,2,-1,45,0.40766968306220214,-0.37360720091511007,1,False,0.7750704000936821,False,square,square,0.21962652608915562,1.4264513517586581,266.7464027788691,14.113264982433716,986,[np.int64(93)],nan,nan,nan,nan,nan,,,,,,,,,,,,,15,001,20,f,r,0.15989317907384526,True,,,,,
,,114,15,001,20,f,r,calibration,0.75,2,-1,46,0.40766968306220214,-0.37360720091511007,1,False,1.1354105999926105,False,dot,dot,0.21426849049506666,0.3502716217783601,95.27388112371393,3.212931978960031,322,[np.int64(383)],nan,nan,nan,nan,nan,,,,,,,,,,,,,15,001,20,f,r,0.15989317907384526,True,,,,,
,,115,15,001,20,f,r,calibration,0.75,2,-1,47,0.40766968306220214,-0.37360720091511007,1,False,0.6306624000426382,False,dot,dot,0.209593441427571,0.7270358462401346,159.22085032658947,5.704459910713607,493,[np.int64(1043)],nan,nan,nan,nan,nan,,,,,,,,,,,,,15,001,20,f,r,0.15989317907384526,True,,,,,
,,116,15,001,20,f,r,calibration,0.75,2,-1,48,0.40766968306220214,-0.37360720091511007,1,False,0.5618846999714151,False,dot,dot,0.2055096022006296,1.6090454081775245,336.2904903091026,13.480608786425945,1034,[np.int64(1582)],nan,nan,nan,nan,nan,,,,,,,,,,,,,15,001,20,f,r,0.15989317907384526,True,,,,,
,,117,15,001,20,f,r,calibration,0.75,2,-1,49,0.40766968306220214,-0.37360720091511007,1,False,0.46178929996676743,False,dot,dot,0.20193767280530148,0.6858500953172735,141.28511963535834,5.264893100486246,1507,[np.int64(297)],nan,nan,nan,nan,nan,,,,,,,,,,,,,15,001,20,f,r,0.15989317907384526,True,,,,,
,,118,15,001,20,f,r,calibration,0.75,2,-1,50,0.40766968306220214,-0.37360720091511007,1,False,0.6938690999522805,False,square,square,0.1988094869982765,0.5872579417118415,128.6094892348933,6.025775158303091,718,[np.int64(1298)],-0.5929288293488406,3.2949069634711594,1.9781367579187203,0.022993972700414353,0.02063854247947405,,,,,,,,,,,,,15,001,20,f,r,0.15989317907384526,True,,,,,
,,119,15,001,20,f,r,calibration,0.75,2,-1,51,0.40766968306220214,-0.37360720091511007,1,False,0.6111947000026703,False,square,square,0.19606655621222277,0.8708719465125156,215.10537078859136,8.197030568521376,726,[np.int64(1232)],nan,nan,nan,nan,nan,,,,,,,,,,,,,15,001,20,f,r,0.15989317907384526,True,,,,,
,,120,15,001,20,f,r,calibration,0.75,2,-1,52,0.40766968306220214,-0.37360720091511007,1,False,0.7484511999646202,False,dot,dot,0.1936586612450315,1.1934129552986557,286.41910927167737,20.665258123484236,645,[np.int64(1073)],nan,nan,nan,nan,nan,,,,,,,,,,,,,15,001,20,f,r,0.15989317907384526,True,,,,,
,,121,15,001,20,f,r,calibration,0.75,2,-1,53,0.347354013008391,-0.6306903787402434,1,False,0.5206078999908641,False,dot,dot,0.19363457488747987,0.9252143977712146,184.1176651564717,5.500824150384329,1500,[np.int64(182)],nan,nan,nan,nan,nan,,,,,,,,,,,,,15,001,20,f,r,0.15989317907384526,True,,,,,
,,122,15,001,20,f,r,calibration,0.75,2,-1,54,0.347354013008391,-0.6306903787402434,1,False,0.7600200000451878,False,dot,dot,0.19366083343088134,0.42765800625806866,99.21665745187192,2.8254407764885694,484,[np.int64(1256)],nan,nan,nan,nan,nan,,,,,,,,,,,,,15,001,20,f,r,0.15989317907384526,True,,,,,
,,123,15,001,20,f,r,calibration,0.75,2,-1,55,0.347354013008391,-0.6306903787402434,1,False,0.6511984999524429,False,square,square,0.1937201400877302,0.6894081812180723,146.8439425994494,15.040994948208969,1524,[np.int64(1428)],nan,nan,nan,nan,nan,,,,,,,,,,,,,15,001,20,f,r,0.15989317907384526,True,,,,,
,,124,15,001,20,f,r,calibration,0.75,2,-1,56,0.347354013008391,-0.6306903787402434,1,False,0.7238405999960378,False,square,square,0.19379716999443092,0.569584786549772,119.61280517545211,3.953281829376967,1006,[np.int64(864)],nan,nan,nan,nan,nan,,,,,,,,,,,,,15,001,20,f,r,0.15989317907384526,True,,,,,
,,125,15,001,20,f,r,calibration,0.75,2,-1,57,0.347354013008391,-0.6306903787402434,1,False,0.9478140999563038,False,square,square,0.1938786531536419,0.4812934548366878,109.25361424792813,17.05440373619848,981,[np.int64(1494)],nan,nan,nan,nan,nan,,,,,,,,,,,,,15,001,20,f,r,0.15989317907384526,True,,,,,
,,126,15,001,20,f,r,calibration,0.75,2,-1,58,0.347354013008391,-0.6306903787402434,1,False,0.6758414999349043,False,square,square,0.19395340853612972,0.9429271972174199,205.55812899339753,9.224883902381205,584,[np.int64(120)],nan,nan,nan,nan,nan,,,,,,,,,,,,,15,001,20,f,r,0.15989317907384526,True,,,,,
,,127,15,001,20,f,r,calibration,0.75,2,-1,59,0.347354013008391,-0.6306903787402434,0,False,0.7470635999925435,False,dot,square,0.18316977289445943,0.4420924064998053,90.18685092596029,15.66432832513402,417,[np.int64(411)],nan,nan,nan,nan,nan,,,,,,,,,,,,,15,001,20,f,r,0.15989317907384526,True,,,,,
,,128,15,001,20,f,r,calibration,0.75,2,-1,60,0.347354013008391,-0.6306903787402434,1,False,0.7164082999806851,False,dot,dot,0.18305855906791946,0.9982694162736515,201.6504220872776,15.543632102621157,686,[np.int64(758)],-0.6822224159436487,3.4075905708089747,2.034024644411604,0.02129923531956848,0.020047140108473114,,,,,,,,,,,,,15,001,20,f,r,0.15989317907384526,True,,,,,
,,129,15,001,20,f,r,test,,2,1,1,0.15989317907384526,,1,False,2.0203941999934614,False,img_B,img_B,,0.20538831889216103,52.37402131750106,8.2503141713093,190,[np.int64(921)],,,,,,low,0.15989317907384526,4,string_cheese_01b,jumpsuit_11s,71,11,21,31,41,91,True,15,001,20,f,r,0.15989317907384526,True,0.347354013008391,True,"['low', 'high', 'low', 'high', 'low', 'high']",low,
,,130,15,001,20,f,r,test,,2,1,2,0.15989317907384526,,0,False,1.4280213000020012,False,img_B,img_A,,-0.0829994626810719,-19.255875342008682,1.396590826798177,722,[np.int64(591)],,,,,,low,0.15989317907384526,4,french_fries_11s,snowman_03s,71,11,21,31,42,91,True,15,001,20,f,r,0.15989317907384526,True,0.347354013008391,True,"['low', 'high', 'low', 'high', 'low', 'high']",low,
,,131,15,001,20,f,r,test,,2,1,3,0.15989317907384526,,0,False,1.8190493000438437,False,img_A,img_B,,0.7666441865785748,168.66172104728645,4.113761242569361,956,[np.int64(426)],,,,,,low,0.15989317907384526,3,orange_rind_15s,spam_01b,71,11,22,32,42,91,False,15,001,20,f,r,0.15989317907384526,True,0.347354013008391,True,"['low', 'high', 'low', 'high', 'low', 'high']",low,
,,132,15,001,20,f,r,test,,2,1,4,0.15989317907384526,,0,False,1.2624556000810117,False,img_B,img_A,,0.4395271848485775,94.49834474244416,8.017839800776539,1342,[np.int64(355)],,,,,,low,0.15989317907384526,3,magnet_12s,turban_02s,71,11,21,31,42,91,True,15,001,20,f,r,0.15989317907384526,True,0.347354013008391,True,"['low', 'high', 'low', 'high', 'low', 'high']",low,
,,133,15,001,20,f,r,test,,2,1,5,0.15989317907384526,,0,False,0.9819508000509813,False,img_A,img_B,,0.22590591658619222,54.89513773044471,7.907628535835616,1574,[np.int64(957)],,,,,,low,0.15989317907384526,3,seismograph_06s,batter_04s,71,11,22,32,42,91,False,15,001,20,f,r,0.15989317907384526,True,0.347354013008391,True,"['low', 'high', 'low', 'high', 'low', 'high']",low,
,,134,15,001,20,f,r,test,,2,1,6,0.15989317907384526,,1,False,0.860905300010927,False,img_A,img_A,,0.5752786083197768,157.05106007129908,3.585514774326999,1235,[np.int64(1100)],,,,,,low,0.15989317907384526,3,footrest_01b,lip_balm_08s,71,11,21,31,41,91,True,15,001,20,f,r,0.15989317907384526,True,0.347354013008391,True,"['low', 'high', 'low', 'high', 'low', 'high']",low,
,,135,15,001,20,f,r,test,,2,1,7,0.15989317907384526,,1,False,3.1029039999702945,False,img_B,img_B,,-0.4673374949335932,-85.05542407791397,29.77536082910685,127,[np.int64(324)],,,,,,low,0.15989317907384526,3,belt_buckle_14s,fingerprint_01b,71,11,21,31,41,91,True,15,001,20,f,r,0.15989317907384526,True,0.347354013008391,True,"['low', 'high', 'low', 'high', 'low', 'high']",low,
,,136,15,001,20,f,r,test,,2,1,8,0.15989317907384526,,0,False,1.7585716000758111,False,img_B,img_A,,0.5247749849086117,99.70724713263624,2.9231807855809198,76,[np.int64(260)],,,,,,low,0.15989317907384526,2,figurine_11s,lamb_chop_18s,71,11,22,32,42,91,False,15,001,20,f,r,0.15989317907384526,True,0.347354013008391,True,"['low', 'high', 'low', 'high', 'low', 'high']",low,
,,137,15,001,20,f,r,test,,2,1,9,0.15989317907384526,,1,False,2.8745349999517202,False,img_B,img_B,,-0.16586495648004873,-31.846071644169356,15.487148366327835,1102,[np.int64(749)],,,,,,low,0.15989317907384526,2,marker_08s,peanut_12s,71,11,21,31,41,91,True,15,001,20,f,r,0.15989317907384526,True,0.347354013008391,True,"['low', 'high', 'low', 'high', 'low', 'high']",low,
,,138,15,001,20,f,r,test,,2,1,10,0.15989317907384526,,1,False,0.7915743000339717,False,img_A,img_A,,-0.0587566791702262,-14.395386396705419,4.8958752706576725,1137,[np.int64(1119)],,,,,,low,0.15989317907384526,2,sweeper_02s,leotard_13s,71,11,21,31,41,91,True,15,001,20,f,r,0.15989317907384526,True,0.347354013008391,True,"['low', 'high', 'low', 'high', 'low', 'high']",low,
,,139,15,001,20,f,r,test,,2,1,11,0.15989317907384526,,1,False,0.8815110999858007,False,img_B,img_B,,0.1107826573499362,30.576013428582392,2.9261798945643154,1466,[np.int64(770)],,,,,,low,0.15989317907384526,2,electric_chair_11s,pan_15s,71,11,21,31,41,91,True,15,001,20,f,r,0.15989317907384526,True,0.347354013008391,True,"['low', 'high', 'low', 'high', 'low', 'high']",low,
,,140,15,001,20,f,r,test,,2,1,12,0.15989317907384526,,1,False,2.0871336000273004,False,img_A,img_A,,-0.06476706503848517,-20.27209135704586,9.653483397126516,1441,[np.int64(249)],,,,,,low,0.15989317907384526,2,highlighter_05s,lipstick_12s,71,11,21,31,41,91,True,15,001,20,f,r,0.15989317907384526,True,0.347354013008391,True,"['low', 'high', 'low', 'high', 'low', 'high']",low,
,,141,15,001,20,f,r,test,,2,1,13,0.15989317907384526,,1,False,0.7209728999296203,False,img_B,img_B,,0.122045474389798,29.168868379161722,0.7194549613448145,522,[np.int64(699)],,,,,,low,0.15989317907384526,2,trombone_14s,cape_06s,71,11,21,31,41,91,True,15,001,20,f,r,0.15989317907384526,True,0.347354013008391,True,"['low', 'high', 'low', 'high', 'low', 'high']",low,
,,142,15,001,20,f,r,test,,2,1,14,0.15989317907384526,,1,False,1.1901202000444755,False,img_A,img_A,,0.6981491885123583,141.72428526800874,7.211658050392541,228,[np.int64(609)],,,,,,low,0.15989317907384526,3,corn_14s,costume_08s,71,11,22,32,41,91,False,15,001,20,f,r,0.15989317907384526,True,0.347354013008391,True,"['low', 'high', 'low', 'high', 'low', 'high']",low,
,,143,15,001,20,f,r,test,,2,1,15,0.15989317907384526,,1,False,0.9858796999324113,False,img_B,img_B,,0.7116558741036345,132.36799258327602,12.025470161902037,428,[np.int64(3)],,,,,,low,0.15989317907384526,2,dice_14s,pocket_01b,71,11,21,31,41,91,True,15,001,20,f,r,0.15989317907384526,True,0.347354013008391,True,"['low', 'high', 'low', 'high', 'low', 'high']",low,
,,144,15,001,20,f,r,test,,2,1,16,0.15989317907384526,,1,False,0.8531497999792919,False,img_A,img_A,,1.4274065160911489,275.4894576055917,28.98594803088208,379,[np.int64(1052)],,,,,,low,0.15989317907384526,2,hot-water_bottle_05s,hot_tub_07s,71,11,22,32,41,91,False,15,001,20,f,r,0.15989317907384526,True,0.347354013008391,True,"['low', 'high', 'low', 'high', 'low', 'high']",low,
,,145,15,001,20,f,r,test,,2,1,17,0.15989317907384526,,1,False,3.045498299994506,False,img_B,img_B,,-0.11591722030265933,-21.676520196597295,3.8079809017341515,531,[np.int64(1103)],,,,,,low,0.15989317907384526,1,grater_03s,javelin_01s,71,11,21,31,41,91,True,15,001,20,f,r,0.15989317907384526,True,0.347354013008391,True,"['low', 'high', 'low', 'high', 'low', 'high']",low,
,,146,15,001,20,f,r,test,,2,1,18,0.15989317907384526,,0,False,2.1863333000801504,False,img_A,img_B,,-0.31818670570131774,-68.091955020082,2.4632038699394907,158,[np.int64(35)],,,,,,low,0.15989317907384526,2,pomegranate_11n,tomato_sauce_14s,71,11,22,32,42,91,False,15,001,20,f,r,0.15989317907384526,True,0.347354013008391,True,"['low', 'high', 'low', 'high', 'low', 'high']",low,
,,147,15,001,20,f,r,test,,2,1,19,0.15989317907384526,,0,False,1.3715102999703959,False,img_B,img_A,,-0.32949103333717683,-68.86362596746996,1.7680086183253574,772,[np.int64(224)],,,,,,low,0.15989317907384526,2,turf_07s,headscarf_07s,71,11,21,31,42,91,True,15,001,20,f,r,0.15989317907384526,True,0.347354013008391,True,"['low', 'high', 'low', 'high', 'low', 'high']",low,
,,148,15,001,20,f,r,test,,2,1,20,0.15989317907384526,,1,False,1.6245438000187278,False,img_A,img_A,,-0.23061803067839887,-44.50927992093098,6.330654288981781,860,[np.int64(1227)],,,,,,low,0.15989317907384526,2,stockings_06s,coal_08s,71,11,21,31,41,91,True,15,001,20,f,r,0.15989317907384526,True,0.347354013008391,True,"['low', 'high', 'low', 'high', 'low', 'high']",low,
,,149,15,001,20,f,r,test,,2,2,1,0.347354013008391,,0,False,1.9593286000890657,False,img_A,img_B,,0.12808246920990646,26.384988657240733,3.8911032421508747,595,[np.int64(785)],,,,,,high,0.347354013008391,2,hook1_15s,swimsuit_08s,72,13,24,34,42,92,False,15,001,20,f,r,0.15989317907384526,True,0.347354013008391,True,"['low', 'high', 'low', 'high', 'low', 'high']",low,
,,150,15,001,20,f,r,test,,2,2,2,0.347354013008391,,1,False,1.0260526000056416,False,img_B,img_B,,0.6034612439800648,119.48532630805285,8.321895392589092,1412,[np.int64(619)],,,,,,high,0.347354013008391,2,coffee_bean_12s,fishnet_stockings_14s,72,13,24,34,41,92,False,15,001,20,f,r,0.15989317907384526,True,0.347354013008391,True,"['low', 'high', 'low', 'high', 'low', 'high']",low,
,,151,15,001,20,f,r,test,,2,2,3,0.347354013008391,,1,False,1.3455822000978515,False,img_B,img_B,,0.8311460362061872,156.2554548067632,13.448587746638724,858,[np.int64(41)],,,,,,high,0.347354013008391,2,wafer_08s,tiara_08s,72,13,24,34,41,92,False,15,001,20,f,r,0.15989317907384526,True,0.347354013008391,True,"['low', 'high', 'low', 'high', 'low', 'high']",low,
,,152,15,001,20,f,r,test,,2,2,4,0.347354013008391,,0,False,1.9785844000289217,False,img_B,img_A,,0.5079906089831011,92.4542908349244,30.566624097042347,678,[np.int64(1104)],,,,,,high,0.347354013008391,1,limousine_10s,pillbox_13s,72,13,24,34,42,92,False,15,001,20,f,r,0.15989317907384526,True,0.347354013008391,True,"['low', 'high', 'low', 'high', 'low', 'high']",low,
,,153,15,001,20,f,r,test,,2,2,5,0.347354013008391,,0,False,1.9208414999302477,False,img_B,img_A,,0.25893208484233476,136.45720871191043,0.9917722522590122,706,[np.int64(1267)],,,,,,high,0.347354013008391,1,spareribs_10s,dip_04s,72,13,24,34,42,92,False,15,001,20,f,r,0.15989317907384526,True,0.347354013008391,True,"['low', 'high', 'low', 'high', 'low', 'high']",low,
,,154,15,001,20,f,r,test,,2,2,6,0.347354013008391,,1,False,0.7500633000163361,False,img_A,img_A,,0.014062599847837854,2.784394769871895,12.437425324284824,1181,[np.int64(1432)],,,,,,high,0.347354013008391,1,glue_11s,hula_hoop_16s,72,13,23,33,41,92,True,15,001,20,f,r,0.15989317907384526,True,0.347354013008391,True,"['low', 'high', 'low', 'high', 'low', 'high']",low,
,,155,15,001,20,f,r,test,,2,2,7,0.347354013008391,,1,False,0.9360003999900073,False,img_B,img_B,,0.242660191816141,130.0658628134516,2.821666165840374,828,[np.int64(1379)],,,,,,high,0.347354013008391,2,suit_14s,nail_08s,72,13,23,33,41,92,True,15,001,20,f,r,0.15989317907384526,True,0.347354013008391,True,"['low', 'high', 'low', 'high', 'low', 'high']",low,
,,156,15,001,20,f,r,test,,2,2,8,0.347354013008391,,1,False,0.8413314999779686,False,img_B,img_B,,0.41603724472187287,89.44800761520267,6.888840845995645,653,[np.int64(928)],,,,,,high,0.347354013008391,1,tiramisu_12s,grapefruit_09s,72,13,23,33,41,92,True,15,001,20,f,r,0.15989317907384526,True,0.347354013008391,True,"['low', 'high', 'low', 'high', 'low', 'high']",low,
,,157,15,001,20,f,r,test,,2,2,9,0.347354013008391,,1,False,1.228676600032486,False,img_B,img_B,,0.4437175473615892,114.03540967192842,2.9710485663890287,606,[np.int64(806)],,,,,,high,0.347354013008391,2,ticktacktoe_09s,origami_03s,72,13,23,33,41,92,True,15,001,20,f,r,0.15989317907384526,True,0.347354013008391,True,"['low', 'high', 'low', 'high', 'low', 'high']",low,
,,158,15,001,20,f,r,test,,2,2,10,0.347354013008391,,1,False,0.7676673999521881,False,img_A,img_A,,0.3831421426318854,70.8812963868988,1.6324652156346604,740,[np.int64(997)],,,,,,high,0.347354013008391,2,nutcracker_06s,tack_06s,72,13,23,33,41,92,True,15,001,20,f,r,0.15989317907384526,True,0.347354013008391,True,"['low', 'high', 'low', 'high', 'low', 'high']",low,
,,159,15,001,20,f,r,test,,2,2,11,0.347354013008391,,0,True,nan,False,img_A,timeout,,-0.739254697770986,-141.19764727425832,28.608823587979824,1311,[np.int64(839)],,,,,,high,0.347354013008391,2,corset_09s,ramp_09s,72,13,23,33,42,92,True,15,001,20,f,r,0.15989317907384526,True,0.347354013008391,True,"['low', 'high', 'low', 'high', 'low', 'high']",low,
,,160,15,001,20,f,r,test,,2,2,12,0.347354013008391,,1,False,0.9716910000424832,False,img_B,img_B,,-1.3419582630995928,-248.26227867342467,26.26116807802686,617,[np.int64(1067)],,,,,,high,0.347354013008391,2,mitten_08s,sock_13s,72,13,23,33,41,92,True,15,001,20,f,r,0.15989317907384526,True,0.347354013008391,True,"['low', 'high', 'low', 'high', 'low', 'high']",low,
,,161,15,001,20,f,r,test,,2,2,13,0.347354013008391,,1,False,2.520327499951236,False,img_A,img_A,,1.3552293015032497,372.68805791339366,28.62186767974954,1171,[np.int64(533)],,,,,,high,0.347354013008391,2,keyboard_15s,suitcase_11s,72,13,23,33,41,92,True,15,001,20,f,r,0.15989317907384526,True,0.347354013008391,True,"['low', 'high', 'low', 'high', 'low', 'high']",low,
,,162,15,001,20,f,r,test,,2,2,14,0.347354013008391,,1,False,1.6230501999380067,False,img_A,img_A,,0.5305245354101759,102.92175986957412,7.6480832617024,954,[np.int64(1487)],,,,,,high,0.347354013008391,2,marshmallow_12s,headset_09s,72,13,24,34,41,92,False,15,001,20,f,r,0.15989317907384526,True,0.347354013008391,True,"['low', 'high', 'low', 'high', 'low', 'high']",low,
,,163,15,001,20,f,r,test,,2,2,15,0.347354013008391,,0,True,nan,False,img_B,timeout,,0.3037666429907559,58.93072874020664,43.26781285153228,1191,[np.int64(1542)],,,,,,high,0.347354013008391,2,coin_15s,stamp1_05s,72,13,24,34,42,92,False,15,001,20,f,r,0.15989317907384526,True,0.347354013008391,True,"['low', 'high', 'low', 'high', 'low', 'high']",low,
,,164,15,001,20,f,r,test,,2,2,16,0.347354013008391,,0,False,1.5118078000377864,False,img_B,img_A,,1.1617988943442819,213.77099655934785,9.659446364601818,1404,[np.int64(784)],,,,,,high,0.347354013008391,2,bulletproof_vest_03s,meatball_14s,72,13,24,34,42,92,False,15,001,20,f,r,0.15989317907384526,True,0.347354013008391,True,"['low', 'high', 'low', 'high', 'low', 'high']",low,
,,165,15,001,20,f,r,test,,2,2,17,0.347354013008391,,1,False,1.4536183000309393,False,img_B,img_B,,1.3084961861590305,252.53976392869288,13.181494990731226,651,[np.int64(802)],,,,,,high,0.347354013008391,2,t-shirt_06s,staple_06s,72,13,23,33,41,92,True,15,001,20,f,r,0.15989317907384526,True,0.347354013008391,True,"['low', 'high', 'low', 'high', 'low', 'high']",low,
,,166,15,001,20,f,r,test,,2,2,18,0.347354013008391,,1,False,2.192387199960649,False,img_B,img_B,,2.157948897458061,494.17029751789596,10.773053657473469,361,[np.int64(1084)],,,,,,high,0.347354013008391,2,exerciser_05s,computer_screen_12s,72,13,23,33,41,92,True,15,001,20,f,r,0.15989317907384526,True,0.347354013008391,True,"['low', 'high', 'low', 'high', 'low', 'high']",low,
,,167,15,001,20,f,r,test,,2,2,19,0.347354013008391,,1,False,0.6645509999943897,False,img_A,img_A,,2.420429447906712,445.359018414835,46.896559540921764,809,[np.int64(217)],,,,,,high,0.347354013008391,2,pickle_09s,shoelace_06s,72,13,23,33,41,92,True,15,001,20,f,r,0.15989317907384526,True,0.347354013008391,True,"['low', 'high', 'low', 'high', 'low', 'high']",low,
,,168,15,001,20,f,r,test,,2,2,20,0.347354013008391,,1,False,1.97265539993532,False,img_A,img_A,,1.8116673551861626,338.7817954198124,34.187201682707624,370,[np.int64(1018)],,,,,,high,0.347354013008391,2,playing_card_12s,eyeliner_10s,72,13,23,33,41,92,True,15,001,20,f,r,0.15989317907384526,True,0.347354013008391,True,"['low', 'high', 'low', 'high', 'low', 'high']",low,
,,169,15,001,20,f,r,test,,2,3,1,0.15989317907384526,,1,False,3.236926699988544,False,img_B,img_B,,-1.672316015099326,-461.55922016741397,40.392960825720046,638,[np.int64(1511)],,,,,,low,0.15989317907384526,2,blower_10s,thumbtack_15n,71,11,21,31,41,91,True,15,001,20,f,r,0.15989317907384526,True,0.347354013008391,True,"['low', 'high', 'low', 'high', 'low', 'high']",low,
,,170,15,001,20,f,r,test,,2,3,2,0.15989317907384526,,1,False,2.7241261000745,False,img_B,img_B,,0.23981529607606503,43.8861991819199,9.191942746358926,212,[np.int64(953)],,,,,,low,0.15989317907384526,2,boot_09s,jigsaw_puzzle_09s,71,11,21,31,41,91,True,15,001,20,f,r,0.15989317907384526,True,0.347354013008391,True,"['low', 'high', 'low', 'high', 'low', 'high']",low,
,,171,15,001,20,f,r,test,,2,3,3,0.15989317907384526,,1,False,1.168211100040935,False,img_B,img_B,,0.03457343677335694,9.784282606860014,2.7176476539039793,562,[np.int64(49)],,,,,,low,0.15989317907384526,2,tamale_13s,cheeseburger_12s,71,11,22,32,41,91,False,15,001,20,f,r,0.15989317907384526,True,0.347354013008391,True,"['low', 'high', 'low', 'high', 'low', 'high']",low,
,,172,15,001,20,f,r,test,,2,3,4,0.15989317907384526,,1,False,2.6981907000299543,False,img_B,img_B,,0.47242656261639937,89.76104689711588,89.29910218048714,1004,[np.int64(352)],,,,,,low,0.15989317907384526,2,ukulele_14s,chalk_02s,71,11,21,31,41,91,True,15,001,20,f,r,0.15989317907384526,True,0.347354013008391,True,"['low', 'high', 'low', 'high', 'low', 'high']",low,
,,173,15,001,20,f,r,test,,2,3,5,0.15989317907384526,,0,False,1.0579812999349087,False,img_B,img_A,,-4.806113938714618,-903.5494204783481,61.0179091431593,888,[np.int64(1345)],,,,,,low,0.15989317907384526,2,pin_12s,baklava_11s,71,11,21,31,42,91,True,15,001,20,f,r,0.15989317907384526,True,0.347354013008391,True,"['low', 'high', 'low', 'high', 'low', 'high']",low,
,,174,15,001,20,f,r,test,,2,3,6,0.15989317907384526,,0,False,1.064852899988182,False,img_A,img_B,,-9.398435518778214,-1823.2964906429736,136.52160803739824,330,[np.int64(26)],,,,,,low,0.15989317907384526,2,sink_03s,comic_book_08s,71,11,21,31,42,91,True,15,001,20,f,r,0.15989317907384526,True,0.347354013008391,True,"['low', 'high', 'low', 'high', 'low', 'high']",low,
,,175,15,001,20,f,r,test,,2,3,7,0.15989317907384526,,0,False,1.2651190999895334,False,img_A,img_B,,-3.7716059987369386,-739.23477575244,88.66607264443378,1047,[np.int64(416)],,,,,,low,0.15989317907384526,2,ruby_14s,throne_02s,71,11,22,32,42,91,False,15,001,20,f,r,0.15989317907384526,True,0.347354013008391,True,"['low', 'high', 'low', 'high', 'low', 'high']",low,
,,176,15,001,20,f,r,test,,2,3,8,0.15989317907384526,,0,False,0.7580966000678018,False,img_A,img_B,,0.32478987337999693,60.73570632205943,36.81504518635251,241,[np.int64(183)],,,,,,low,0.15989317907384526,2,safety_pin_03s,iceskate_07s,71,11,22,32,42,91,False,15,001,20,f,r,0.15989317907384526,True,0.347354013008391,True,"['low', 'high', 'low', 'high', 'low', 'high']",low,
,,177,15,001,20,f,r,test,,2,3,9,0.15989317907384526,,1,False,1.1049606000306085,False,img_B,img_B,,-1.931399466699971,-407.5252874736939,103.44168777913801,1527,[np.int64(259)],,,,,,low,0.15989317907384526,2,peach_09n,yarn_10s,71,11,22,32,41,91,False,15,001,20,f,r,0.15989317907384526,True,0.347354013008391,True,"['low', 'high', 'low', 'high', 'low', 'high']",low,
,,178,15,001,20,f,r,test,,2,3,10,0.15989317907384526,,1,False,0.706098600057885,False,img_B,img_B,,1.446209411172337,279.11841635626104,149.5609575029434,1517,[np.int64(393)],,,,,,low,0.15989317907384526,2,hanger_13n,hot_chocolate_12s,71,11,21,31,41,91,True,15,001,20,f,r,0.15989317907384526,True,0.347354013008391,True,"['low', 'high', 'low', 'high', 'low', 'high']",low,
,,179,15,001,20,f,r,test,,2,3,11,0.15989317907384526,,0,False,0.8669266999932006,False,img_B,img_A,,-5.288513589334171,-1020.6831227414949,135.55644991253934,539,[np.int64(786)],,,,,,low,0.15989317907384526,2,spider_web_06s,jersey_07s,71,11,22,32,42,91,False,15,001,20,f,r,0.15989317907384526,True,0.347354013008391,True,"['low', 'high', 'low', 'high', 'low', 'high']",low,
,,180,15,001,20,f,r,test,,2,3,12,0.15989317907384526,,1,False,0.7435312999878079,False,img_B,img_B,,1.0695639779844632,207.49541172898586,19.499077788058717,1076,[np.int64(400)],,,,,,low,0.15989317907384526,2,razor_09s,burrito_05s,71,11,21,31,41,91,True,15,001,20,f,r,0.15989317907384526,True,0.347354013008391,True,"['low', 'high', 'low', 'high', 'low', 'high']",low,
,,181,15,001,20,f,r,test,,2,3,13,0.15989317907384526,,0,False,0.7856809999793768,False,img_A,img_B,,-1.7919449266671286,-353.01315055342434,73.0466627690774,587,[np.int64(517)],,,,,,low,0.15989317907384526,2,refrigerator_11s,bin_01b,71,11,22,32,42,91,False,15,001,20,f,r,0.15989317907384526,True,0.347354013008391,True,"['low', 'high', 'low', 'high', 'low', 'high']",low,
,,182,15,001,20,f,r,test,,2,3,14,0.15989317907384526,,1,False,1.3778964000521228,False,img_A,img_A,,0.6307746063282973,120.47794980870478,61.923535331861174,1320,[np.int64(903)],,,,,,low,0.15989317907384526,2,cookie_11s,doorknocker_08s,71,11,22,32,41,91,False,15,001,20,f,r,0.15989317907384526,True,0.347354013008391,True,"['low', 'high', 'low', 'high', 'low', 'high']",low,
,,183,15,001,20,f,r,test,,2,3,15,0.15989317907384526,,0,False,0.6701079999329522,False,img_A,img_B,,-6.269207880273995,-1228.764744533703,215.7024654312352,1573,[np.int64(149)],,,,,,low,0.15989317907384526,2,garter_02s,wetsuit_09s,71,11,22,32,42,91,False,15,001,20,f,r,0.15989317907384526,True,0.347354013008391,True,"['low', 'high', 'low', 'high', 'low', 'high']",low,
,,184,15,001,20,f,r,test,,2,3,16,0.15989317907384526,,0,False,1.040723800077103,False,img_A,img_B,,0.4314529288436763,90.60511505717203,40.25658352134179,1139,[np.int64(384)],,,,,,low,0.15989317907384526,1,ham_05s,coverall_11s,71,11,22,32,42,91,False,15,001,20,f,r,0.15989317907384526,True,0.347354013008391,True,"['low', 'high', 'low', 'high', 'low', 'high']",low,
,,185,15,001,20,f,r,test,,2,3,17,0.15989317907384526,,0,False,1.0595059000188485,False,img_A,img_B,,-1.2626536456420465,-244.954807254557,124.44770523027043,640,[np.int64(1308)],,,,,,low,0.15989317907384526,2,toothpick_14n,cardboard_07s,71,11,21,31,42,91,True,15,001,20,f,r,0.15989317907384526,True,0.347354013008391,True,"['low', 'high', 'low', 'high', 'low', 'high']",low,
,,186,15,001,20,f,r,test,,2,3,18,0.15989317907384526,,0,False,0.7606377000920475,False,img_B,img_A,,-9.582077089274355,-1801.4304927835788,175.76243352050466,598,[np.int64(147)],,,,,,low,0.15989317907384526,2,joystick_02s,contact_lens_13s,71,11,22,32,42,91,False,15,001,20,f,r,0.15989317907384526,True,0.347354013008391,True,"['low', 'high', 'low', 'high', 'low', 'high']",low,
,,187,15,001,20,f,r,test,,2,3,19,0.15989317907384526,,0,False,1.274554600007832,False,img_A,img_B,,-7.697246524899352,-1508.660318880273,153.69852849314458,1476,[np.int64(1125)],,,,,,low,0.15989317907384526,2,pita_08s,container_04s,71,11,22,32,42,91,False,15,001,20,f,r,0.15989317907384526,True,0.347354013008391,True,"['low', 'high', 'low', 'high', 'low', 'high']",low,
,,188,15,001,20,f,r,test,,2,3,20,0.15989317907384526,,1,False,1.0088335999753326,False,img_A,img_A,,3.1966908277528163,623.3547114117991,126.15702009564778,756,[np.int64(1217)],,,,,,low,0.15989317907384526,2,chickpea_02s,wood_03s,71,11,22,32,41,91,False,15,001,20,f,r,0.15989317907384526,True,0.347354013008391,True,"['low', 'high', 'low', 'high', 'low', 'high']",low,
,,189,15,001,20,f,r,test,,2,4,1,0.347354013008391,,1,False,0.6489510999526829,False,img_B,img_B,,3.8048954601440217,768.5888829490924,79.317621175863,1437,[np.int64(697)],,,,,,high,0.347354013008391,2,brush_04s,chili_11s,72,13,23,33,41,92,True,15,001,20,f,r,0.15989317907384526,True,0.347354013008391,True,"['low', 'high', 'low', 'high', 'low', 'high']",low,
,,190,15,001,20,f,r,test,,2,4,2,0.347354013008391,,1,False,0.9525611000135541,False,img_A,img_A,,-0.01184299098643904,-2.2738542693962955,131.77889272578307,1546,[np.int64(734)],,,,,,high,0.347354013008391,2,taffy_08s,jelly_bean_13n,72,13,24,34,41,92,False,15,001,20,f,r,0.15989317907384526,True,0.347354013008391,True,"['low', 'high', 'low', 'high', 'low', 'high']",low,
,,191,15,001,20,f,r,test,,2,4,3,0.347354013008391,,1,False,1.2653404999291524,False,img_A,img_A,,1.652046873776961,363.4503122309314,48.65963421084219,892,[np.int64(910)],,,,,,high,0.347354013008391,2,peppermint_02s,paint_01b,72,13,24,34,41,92,False,15,001,20,f,r,0.15989317907384526,True,0.347354013008391,True,"['low', 'high', 'low', 'high', 'low', 'high']",low,
,,192,15,001,20,f,r,test,,2,4,4,0.347354013008391,,0,False,1.3409370000008494,False,img_A,img_B,,-6.100182860089835,-1195.6358405776077,126.22232129026689,1509,[np.int64(1166)],,,,,,high,0.347354013008391,2,wallet_05s,ice_cube_03s,72,13,24,34,42,92,False,15,001,20,f,r,0.15989317907384526,True,0.347354013008391,True,"['low', 'high', 'low', 'high', 'low', 'high']",low,
,,193,15,001,20,f,r,test,,2,4,5,0.347354013008391,,1,False,1.3172787999501452,False,img_A,img_A,,4.516463594816177,898.7762553684191,87.67750144226834,491,[np.int64(1310)],,,,,,high,0.347354013008391,2,ravioli_15s,pliers_10s,72,13,24,34,41,92,False,15,001,20,f,r,0.15989317907384526,True,0.347354013008391,True,"['low', 'high', 'low', 'high', 'low', 'high']",low,
,,194,15,001,20,f,r,test,,2,4,6,0.347354013008391,,1,False,0.8155374999623746,False,img_B,img_B,,8.71956981632866,1735.1943934494032,107.98146890666779,1164,[np.int64(774)],,,,,,high,0.347354013008391,2,shopping_basket_05s,sequin_08s,72,13,23,33,41,92,True,15,001,20,f,r,0.15989317907384526,True,0.347354013008391,True,"['low', 'high', 'low', 'high', 'low', 'high']",low,
,,195,15,001,20,f,r,test,,2,4,7,0.347354013008391,,0,False,0.657250800053589,False,img_A,img_B,,-3.5905228269170526,-664.2467229796547,109.87883710208034,625,[np.int64(831)],,,,,,high,0.347354013008391,2,money_14s,piggy_bank_01b,72,13,24,34,42,92,False,15,001,20,f,r,0.15989317907384526,True,0.347354013008391,True,"['low', 'high', 'low', 'high', 'low', 'high']",low,
,,196,15,001,20,f,r,test,,2,4,8,0.347354013008391,,1,False,0.7272442999528721,False,img_A,img_A,,7.043462545170434,1380.518658853405,142.02363775287535,1252,[np.int64(583)],,,,,,high,0.347354013008391,2,hobbyhorse_04s,sausage_08s,72,13,23,33,41,92,True,15,001,20,f,r,0.15989317907384526,True,0.347354013008391,True,"['low', 'high', 'low', 'high', 'low', 'high']",low,
,,197,15,001,20,f,r,test,,2,4,9,0.347354013008391,,1,False,1.476290800026618,False,img_B,img_B,,10.179505519777248,1883.208521158791,90.51972264577414,987,[np.int64(1340)],,,,,,high,0.347354013008391,2,vacuum_04s,grain_05s,72,13,24,34,41,92,False,15,001,20,f,r,0.15989317907384526,True,0.347354013008391,True,"['low', 'high', 'low', 'high', 'low', 'high']",low,
,,198,15,001,20,f,r,test,,2,4,10,0.347354013008391,,1,False,1.3390932000475004,False,img_A,img_A,,-1.0566448552354857,-202.87581220521326,26.93514452533729,950,[np.int64(879)],,,,,,high,0.347354013008391,2,hood_06s,dough_17s,72,13,24,34,41,92,False,15,001,20,f,r,0.15989317907384526,True,0.347354013008391,True,"['low', 'high', 'low', 'high', 'low', 'high']",low,
,,199,15,001,20,f,r,test,,2,4,11,0.347354013008391,,0,False,2.2263367000268772,False,img_A,img_B,,-0.7266944971520245,-140.97873244749275,117.67051886849134,1151,[np.int64(286)],,,,,,high,0.347354013008391,2,coffee_filter_05s,creme_brulee_07s,72,13,24,34,42,92,False,15,001,20,f,r,0.15989317907384526,True,0.347354013008391,True,"['low', 'high', 'low', 'high', 'low', 'high']",low,
,,200,15,001,20,f,r,test,,2,4,12,0.347354013008391,,1,False,0.9374413000186905,False,img_B,img_B,,2.1203713602213528,407.11130116249973,74.9268551211761,709,[np.int64(1160)],,,,,,high,0.347354013008391,2,egg_15s,crucifix_09s,72,13,24,34,41,92,False,15,001,20,f,r,0.15989317907384526,True,0.347354013008391,True,"['low', 'high', 'low', 'high', 'low', 'high']",low,
,,201,15,001,20,f,r,test,,2,4,13,0.347354013008391,,0,True,nan,False,img_A,timeout,,1.9557663700329948,385.28597489649997,183.18995471670385,973,[np.int64(1317)],,,,,,high,0.347354013008391,2,barrette_09s,teabag_09s,72,13,23,33,42,92,True,15,001,20,f,r,0.15989317907384526,True,0.347354013008391,True,"['low', 'high', 'low', 'high', 'low', 'high']",low,
,,202,15,001,20,f,r,test,,2,4,14,0.347354013008391,,0,False,1.4219138000626117,False,img_B,img_A,,-2.975257609015308,-696.210280509582,113.98453988365512,203,[np.int64(1215)],,,,,,high,0.347354013008391,2,windsock_09s,vending_machine_03s,72,13,24,34,42,92,False,15,001,20,f,r,0.15989317907384526,True,0.347354013008391,True,"['low', 'high', 'low', 'high', 'low', 'high']",low,
,,203,15,001,20,f,r,test,,2,4,15,0.347354013008391,,1,False,0.8380600999807939,False,img_A,img_A,,6.9051132480117605,1311.9715171222344,173.18160257790112,197,[np.int64(1508)],,,,,,high,0.347354013008391,2,icicle_12s,clothespin_08s,72,13,24,34,41,92,False,15,001,20,f,r,0.15989317907384526,True,0.347354013008391,True,"['low', 'high', 'low', 'high', 'low', 'high']",low,
,,204,15,001,20,f,r,test,,2,4,16,0.347354013008391,,1,False,1.5666145000141114,False,img_A,img_A,,9.96754799110512,1824.061282372237,214.1396926152286,1299,[np.int64(1469)],,,,,,high,0.347354013008391,1,lingerie_06s,dumbbell_10s,72,13,23,33,41,92,True,15,001,20,f,r,0.15989317907384526,True,0.347354013008391,True,"['low', 'high', 'low', 'high', 'low', 'high']",low,
,,205,15,001,20,f,r,test,,2,4,17,0.347354013008391,,0,False,1.2643024999415502,False,img_B,img_A,,1.8021415256037543,382.0540034279959,141.1020344215008,189,[np.int64(60)],,,,,,high,0.347354013008391,1,gold_13s,mixer_03s,72,13,24,34,42,92,False,15,001,20,f,r,0.15989317907384526,True,0.347354013008391,True,"['low', 'high', 'low', 'high', 'low', 'high']",low,
,,206,15,001,20,f,r,test,,2,4,18,0.347354013008391,,1,False,1.2043611999833956,False,img_B,img_B,,2.411087151099638,448.46221010453263,172.76418481192187,527,[np.int64(1270)],,,,,,high,0.347354013008391,1,robot_14s,pizza_03s,72,13,23,33,41,92,True,15,001,20,f,r,0.15989317907384526,True,0.347354013008391,True,"['low', 'high', 'low', 'high', 'low', 'high']",low,
,,207,15,001,20,f,r,test,,2,4,19,0.347354013008391,,1,False,1.2150294000748545,False,img_B,img_B,,7.318226613333335,1427.0541896000004,142.30392530642382,1231,[np.int64(1182)],,,,,,high,0.347354013008391,1,lollipop_01b,emerald_08n,72,13,24,34,41,92,False,15,001,20,f,r,0.15989317907384526,True,0.347354013008391,True,"['low', 'high', 'low', 'high', 'low', 'high']",low,
,,208,15,001,20,f,r,test,,2,4,20,0.347354013008391,,1,False,1.3009552001021802,False,img_A,img_A,,7.526641972234871,1422.5353327523906,84.69513511141477,663,[np.int64(660)],,,,,,high,0.347354013008391,1,mosquito_net_02s,veil_01s,72,13,23,33,41,92,True,15,001,20,f,r,0.15989317907384526,True,0.347354013008391,True,"['low', 'high', 'low', 'high', 'low', 'high']",low,
,,209,15,001,20,f,r,test,,2,5,1,0.15989317907384526,,1,False,0.995620800065808,False,img_B,img_B,,8.040251717683375,1535.6880780775246,231.4264503967476,373,[np.int64(901)],,,,,,low,0.15989317907384526,2,plaster_cast_13s,undershirt_04s,71,11,21,31,41,91,True,15,001,20,f,r,0.15989317907384526,True,0.347354013008391,True,"['low', 'high', 'low', 'high', 'low', 'high']",low,
,,210,15,001,20,f,r,test,,2,5,2,0.15989317907384526,,1,False,0.9666026000631973,False,img_B,img_B,,-4.84369770630656,-896.0840756667136,228.357124788131,1491,[np.int64(386)],,,,,,low,0.15989317907384526,2,flipper_12s,hotdog_03s,71,11,22,32,41,91,False,15,001,20,f,r,0.15989317907384526,True,0.347354013008391,True,"['low', 'high', 'low', 'high', 'low', 'high']",low,
,,211,15,001,20,f,r,test,,2,5,3,0.15989317907384526,,0,False,0.8802459000144154,False,img_A,img_B,,-11.93057322629611,-2290.670059448853,158.86250520852545,939,[np.int64(111)],,,,,,low,0.15989317907384526,1,cellphone_11s,paperclip_07s,71,11,22,32,42,91,False,15,001,20,f,r,0.15989317907384526,True,0.347354013008391,True,"['low', 'high', 'low', 'high', 'low', 'high']",low,
,,212,15,001,20,f,r,test,,2,5,4,0.15989317907384526,,1,False,1.2549487999640405,False,img_A,img_A,,7.814619104182991,1453.5191533780362,106.4663002430929,1444,[np.int64(895)],,,,,,low,0.15989317907384526,1,flan_02s,videocassette_07n,71,11,21,31,41,91,True,15,001,20,f,r,0.15989317907384526,True,0.347354013008391,True,"['low', 'high', 'low', 'high', 'low', 'high']",low,
,,213,15,001,20,f,r,test,,2,5,5,0.15989317907384526,,0,False,1.2742091999389231,False,img_A,img_B,,-6.573970462316054,-1268.7762992269984,160.70336682508756,19,[np.int64(912)],,,,,,low,0.15989317907384526,2,sarcophagus_08s,cork_10s,71,11,22,32,42,91,False,15,001,20,f,r,0.15989317907384526,True,0.347354013008391,True,"['low', 'high', 'low', 'high', 'low', 'high']",low,
,,214,15,001,20,f,r,test,,2,5,6,0.15989317907384526,,0,False,1.4567749999696389,False,img_B,img_A,,-0.6004906616719247,-113.49273505599376,227.54891027308716,737,[np.int64(627)],,,,,,low,0.15989317907384526,1,eye_patch_11s,belt_14s,71,11,21,31,42,91,True,15,001,20,f,r,0.15989317907384526,True,0.347354013008391,True,"['low', 'high', 'low', 'high', 'low', 'high']",low,
,,215,15,001,20,f,r,test,,2,5,7,0.15989317907384526,,1,False,2.020072099985555,False,img_A,img_A,,0.5777019630430525,122.47281616512714,30.449570458528658,887,[np.int64(238)],,,,,,low,0.15989317907384526,1,straightjacket_05s,snowball_01b,71,11,21,31,41,91,True,15,001,20,f,r,0.15989317907384526,True,0.347354013008391,True,"['low', 'high', 'low', 'high', 'low', 'high']",low,
,,216,15,001,20,f,r,test,,2,5,8,0.15989317907384526,,1,False,2.2393651999300346,False,img_A,img_A,,2.577046749641509,499.94706943045276,45.255284136929234,966,[np.int64(2)],,,,,,low,0.15989317907384526,1,sushi_08s,toast_13s,71,11,22,32,41,91,False,15,001,20,f,r,0.15989317907384526,True,0.347354013008391,True,"['low', 'high', 'low', 'high', 'low', 'high']",low,
,,217,15,001,20,f,r,test,,2,5,9,0.15989317907384526,,1,False,2.0192397000500932,False,img_B,img_B,,2.149543536713878,580.3767549127472,23.913500098861803,307,[np.int64(1314)],,,,,,low,0.15989317907384526,1,backscratcher_12s,step_stool_06s,71,11,21,31,41,91,True,15,001,20,f,r,0.15989317907384526,True,0.347354013008391,True,"['low', 'high', 'low', 'high', 'low', 'high']",low,
,,218,15,001,20,f,r,test,,2,5,10,0.15989317907384526,,1,False,0.9076113000046462,False,img_A,img_A,,0.7373420085149376,180.64879208615972,17.1352570004691,1363,[np.int64(1155)],,,,,,low,0.15989317907384526,2,curling_iron_03s,shower_cap_12s,71,11,21,31,41,91,True,15,001,20,f,r,0.15989317907384526,True,0.347354013008391,True,"['low', 'high', 'low', 'high', 'low', 'high']",low,
,,219,15,001,20,f,r,test,,2,5,11,0.15989317907384526,,0,False,1.1131451999535784,False,img_A,img_B,,0.4730800975575596,94.61601951151192,37.512256225830576,450,[np.int64(650)],,,,,,low,0.15989317907384526,1,roll_01b,solar_panel_04s,71,11,22,32,42,91,False,15,001,20,f,r,0.15989317907384526,True,0.347354013008391,True,"['low', 'high', 'low', 'high', 'low', 'high']",low,
,,220,15,001,20,f,r,test,,2,5,12,0.15989317907384526,,1,False,1.917193700093776,False,img_A,img_A,,1.1139305163277393,239.49506101046396,11.890798052828366,1475,[np.int64(123)],,,,,,low,0.15989317907384526,2,pinball_09s,headdress_11s,71,11,22,32,41,91,False,15,001,20,f,r,0.15989317907384526,True,0.347354013008391,True,"['low', 'high', 'low', 'high', 'low', 'high']",low,
,,221,15,001,20,f,r,test,,2,5,13,0.15989317907384526,,1,False,1.2163919999729842,False,img_B,img_B,,1.3693366274181333,306.73140454166185,40.78155810606396,1048,[np.int64(1011)],,,,,,low,0.15989317907384526,2,tattoo_04s,breadstick_14s,71,11,22,32,41,91,False,15,001,20,f,r,0.15989317907384526,True,0.347354013008391,True,"['low', 'high', 'low', 'high', 'low', 'high']",low,
,,222,15,001,20,f,r,test,,2,5,14,0.15989317907384526,,0,True,nan,False,img_B,timeout,,0.8183624253208444,175.94792144398153,6.533781613179153,712,[np.int64(1101)],,,,,,low,0.15989317907384526,1,chaps_14s,handbrake_03s,71,11,21,31,42,91,True,15,001,20,f,r,0.15989317907384526,True,0.347354013008391,True,"['low', 'high', 'low', 'high', 'low', 'high']",low,
,,223,15,001,20,f,r,test,,2,5,15,0.15989317907384526,,1,False,1.4023510999977589,False,img_B,img_B,,-0.05487964980493031,-12.40280085591425,29.90278289929193,1040,[np.int64(135)],,,,,,low,0.15989317907384526,1,walker1_03s,cotton_candy_08s,71,11,21,31,41,91,True,15,001,20,f,r,0.15989317907384526,True,0.347354013008391,True,"['low', 'high', 'low', 'high', 'low', 'high']",low,
,,224,15,001,20,f,r,test,,2,5,16,0.15989317907384526,,1,False,1.437380600022152,False,img_A,img_A,,11.593630480247857,2156.415269326101,201.93615851479575,84,[np.int64(499)],,,,,,low,0.15989317907384526,1,lego_12s,chicken1_08s,71,11,21,31,41,91,True,15,001,20,f,r,0.15989317907384526,True,0.347354013008391,True,"['low', 'high', 'low', 'high', 'low', 'high']",low,
,,225,15,001,20,f,r,test,,2,5,17,0.15989317907384526,,0,False,0.7333333999849856,False,img_B,img_A,,-6.5231065781757485,-1376.375487995083,136.15412952760906,1515,[np.int64(494)],,,,,,low,0.15989317907384526,2,french_horn_05s,trap_07s,71,11,21,31,42,91,True,15,001,20,f,r,0.15989317907384526,True,0.347354013008391,True,"['low', 'high', 'low', 'high', 'low', 'high']",low,
,,226,15,001,20,f,r,test,,2,5,18,0.15989317907384526,,0,False,1.4402566999197006,False,img_A,img_B,,3.939633684428126,843.0816084676189,130.09528060060683,1417,[np.int64(654)],,,,,,low,0.15989317907384526,1,light_switch_17s,bowtie_14s,71,11,22,32,42,91,False,15,001,20,f,r,0.15989317907384526,True,0.347354013008391,True,"['low', 'high', 'low', 'high', 'low', 'high']",low,
,,227,15,001,20,f,r,test,,2,5,19,0.15989317907384526,,1,False,2.0058720000088215,False,img_A,img_A,,0.9227952974770647,177.17669711559643,117.29018319209665,1557,[np.int64(586)],,,,,,low,0.15989317907384526,2,bracelet2_08s,gyro_01b,71,11,21,31,41,91,True,15,001,20,f,r,0.15989317907384526,True,0.347354013008391,True,"['low', 'high', 'low', 'high', 'low', 'high']",low,
,,228,15,001,20,f,r,test,,2,5,20,0.15989317907384526,,1,False,1.3150014000711963,False,img_B,img_B,,6.820452301013448,1316.3472940955955,255.64314497559008,186,[np.int64(1294)],,,,,,low,0.15989317907384526,1,squirt_gun_15s,candy_10s,71,11,21,31,41,91,True,15,001,20,f,r,0.15989317907384526,True,0.347354013008391,True,"['low', 'high', 'low', 'high', 'low', 'high']",low,
,,229,15,001,20,f,r,test,,2,6,1,0.347354013008391,,1,False,1.2536106000188738,False,img_A,img_A,,6.77848380872918,1416.7031160243987,110.33807909364398,1241,[np.int64(141)],,,,,,high,0.347354013008391,1,pajamas_13s,caviar_07s,72,13,23,33,41,92,True,15,001,20,f,r,0.15989317907384526,True,0.347354013008391,True,"['low', 'high', 'low', 'high', 'low', 'high']",low,
,,230,15,001,20,f,r,test,,2,6,2,0.347354013008391,,0,False,2.817514800000936,False,img_A,img_B,,-2.2973756953633484,-431.9066307283095,75.10501684884352,1179,[np.int64(1106)],,,,,,high,0.347354013008391,1,parfait_17s,mullet_03s,72,13,24,34,42,92,False,15,001,20,f,r,0.15989317907384526,True,0.347354013008391,True,"['low', 'high', 'low', 'high', 'low', 'high']",low,
,,231,15,001,20,f,r,test,,2,6,3,0.347354013008391,,1,False,2.6176218999316916,False,img_A,img_A,,-2.1870845030501074,-553.3323792716772,94.44138015613257,1280,[np.int64(1316)],,,,,,high,0.347354013008391,2,eggnog_02s,tent_12s,72,13,23,33,41,92,True,15,001,20,f,r,0.15989317907384526,True,0.347354013008391,True,"['low', 'high', 'low', 'high', 'low', 'high']",low,
,,232,15,001,20,f,r,test,,2,6,4,0.347354013008391,,1,False,2.2378439999883994,False,img_A,img_A,,1.3352070597431662,244.34289193299944,12.688902609261113,151,[np.int64(644)],,,,,,high,0.347354013008391,1,apron_10s,slot_machine_05s,72,13,23,33,41,92,True,15,001,20,f,r,0.15989317907384526,True,0.347354013008391,True,"['low', 'high', 'low', 'high', 'low', 'high']",low,
,,233,15,001,20,f,r,test,,2,6,5,0.347354013008391,,1,False,1.8030814999947324,False,img_A,img_A,,-0.2726044095587926,-52.067442225729394,15.85413595154941,836,[np.int64(805)],,,,,,high,0.347354013008391,1,gum_10s,biscuit_09s,72,13,23,33,41,92,True,15,001,20,f,r,0.15989317907384526,True,0.347354013008391,True,"['low', 'high', 'low', 'high', 'low', 'high']",low,
,,234,15,001,20,f,r,test,,2,6,6,0.347354013008391,,0,False,1.423543500015512,False,img_A,img_B,,0.7114932744171351,138.74118851134133,8.649066797907532,137,[np.int64(1032)],,,,,,high,0.347354013008391,2,hairnet_07s,hearse_06s,72,13,24,34,42,92,False,15,001,20,f,r,0.15989317907384526,True,0.347354013008391,True,"['low', 'high', 'low', 'high', 'low', 'high']",low,
,,235,15,001,20,f,r,test,,2,6,7,0.347354013008391,,1,False,1.7726866999873891,False,img_A,img_A,,1.74777789695922,326.8344667313741,22.09274535734287,37,[np.int64(1046)],,,,,,high,0.347354013008391,1,dreidel_13s,mouse2_09s,72,13,24,34,41,92,False,15,001,20,f,r,0.15989317907384526,True,0.347354013008391,True,"['low', 'high', 'low', 'high', 'low', 'high']",low,
,,236,15,001,20,f,r,test,,2,6,8,0.347354013008391,,1,False,1.6714243000606075,False,img_A,img_A,,3.863446829871638,726.3280040158679,85.25793383453603,601,[np.int64(222)],,,,,,high,0.347354013008391,1,coffee_13s,birthday_cake_12s,72,13,23,33,41,92,True,15,001,20,f,r,0.15989317907384526,True,0.347354013008391,True,"['low', 'high', 'low', 'high', 'low', 'high']",low,
,,237,15,001,20,f,r,test,,2,6,9,0.347354013008391,,0,False,1.344313899986446,False,img_A,img_B,,0.8588799677616378,156.31615413261807,19.967716244962723,406,[np.int64(165)],,,,,,high,0.347354013008391,1,gas_mask_01b,pasta_06s,72,13,24,34,42,92,False,15,001,20,f,r,0.15989317907384526,True,0.347354013008391,True,"['low', 'high', 'low', 'high', 'low', 'high']",low,
,,238,15,001,20,f,r,test,,2,6,10,0.347354013008391,,1,False,1.9717510000336915,False,img_A,img_A,,2.458862616402156,449.9718588015945,52.75272086143709,874,[np.int64(1157)],,,,,,high,0.347354013008391,1,snorkel_05s,pesto_07s,72,13,23,33,41,92,True,15,001,20,f,r,0.15989317907384526,True,0.347354013008391,True,"['low', 'high', 'low', 'high', 'low', 'high']",low,
,,239,15,001,20,f,r,test,,2,6,11,0.347354013008391,,1,False,1.55714910000097,False,img_A,img_A,,0.3675678466866527,70.20545871715066,109.2782884667059,331,[np.int64(198)],,,,,,high,0.347354013008391,1,bowling_ball_01b,latte_01b,72,13,23,33,41,92,True,15,001,20,f,r,0.15989317907384526,True,0.347354013008391,True,"['low', 'high', 'low', 'high', 'low', 'high']",low,
,,240,15,001,20,f,r,test,,2,6,12,0.347354013008391,,1,False,1.135224899975583,False,img_A,img_A,,8.41897923603029,1599.6060548457551,122.40786167749958,154,[np.int64(1414)],,,,,,high,0.347354013008391,2,banana_06s,bedpan_08s,72,13,23,33,41,92,True,15,001,20,f,r,0.15989317907384526,True,0.347354013008391,True,"['low', 'high', 'low', 'high', 'low', 'high']",low,
,,241,15,001,20,f,r,test,,2,6,13,0.347354013008391,,0,False,1.4505908000282943,False,img_A,img_B,,1.3263972325104194,242.73069354940674,7.451251102469319,813,[np.int64(564)],,,,,,high,0.347354013008391,2,skirt_02s,bracelet1_12s,72,13,23,33,42,92,True,15,001,20,f,r,0.15989317907384526,True,0.347354013008391,True,"['low', 'high', 'low', 'high', 'low', 'high']",low,
,,242,15,001,20,f,r,test,,2,6,14,0.347354013008391,,0,False,1.4340191000374034,False,img_B,img_A,,-1.35364960938883,-247.71787851815589,49.8490581637703,891,[np.int64(526)],,,,,,high,0.347354013008391,2,tee_01b,wrap_09s,72,13,24,34,42,92,False,15,001,20,f,r,0.15989317907384526,True,0.347354013008391,True,"['low', 'high', 'low', 'high', 'low', 'high']",low,
,,243,15,001,20,f,r,test,,2,6,15,0.347354013008391,,1,False,1.9144429999869317,False,img_A,img_A,,1.9660798654802114,359.7926153828787,33.104477756011505,952,[np.int64(1174)],,,,,,high,0.347354013008391,2,gauze_02s,pancake_08s,72,13,24,34,41,92,False,15,001,20,f,r,0.15989317907384526,True,0.347354013008391,True,"['low', 'high', 'low', 'high', 'low', 'high']",low,
,,244,15,001,20,f,r,test,,2,6,16,0.347354013008391,,0,False,1.0087490000296384,False,img_B,img_A,,0.7769776685823768,141.40993568199258,34.45176354141927,418,[np.int64(513)],,,,,,high,0.347354013008391,2,footbath_02s,saxophone_07s,72,13,23,33,42,92,True,15,001,20,f,r,0.15989317907384526,True,0.347354013008391,True,"['low', 'high', 'low', 'high', 'low', 'high']",low,
,,245,15,001,20,f,r,test,,2,6,17,0.347354013008391,,0,False,1.234262099955231,False,img_A,img_B,,-2.126623135868259,-399.8051495432327,56.95700143597305,1549,[np.int64(1086)],,,,,,high,0.347354013008391,2,football_04s,dumpling_13s,72,13,23,33,42,92,True,15,001,20,f,r,0.15989317907384526,True,0.347354013008391,True,"['low', 'high', 'low', 'high', 'low', 'high']",low,
,,246,15,001,20,f,r,test,,2,6,18,0.347354013008391,,1,False,1.674593900097534,False,img_A,img_A,,2.4931077515682967,486.1560115558178,22.38284738432213,201,[np.int64(1024)],,,,,,high,0.347354013008391,1,fur_coat_12s,hydrant_12s,72,13,24,34,41,92,False,15,001,20,f,r,0.15989317907384526,True,0.347354013008391,True,"['low', 'high', 'low', 'high', 'low', 'high']",low,
,,247,15,001,20,f,r,test,,2,6,19,0.347354013008391,,0,False,1.1474893999984488,False,img_A,img_B,,0.7256337005403686,132.0653334983471,28.34781427414951,1083,[np.int64(1131)],,,,,,high,0.347354013008391,1,boxer_shorts_09s,chips_03s,72,13,23,33,42,92,True,15,001,20,f,r,0.15989317907384526,True,0.347354013008391,True,"['low', 'high', 'low', 'high', 'low', 'high']",low,
,,248,15,001,20,f,r,test,,2,6,20,0.347354013008391,,0,False,0.9310367000289261,False,img_A,img_B,,0.8404096483287927,152.95455599584028,28.7009121634112,808,[np.int64(1192)],,,,,,high,0.347354013008391,2,ironing_board_01b,fishhook_09s,72,13,24,34,42,92,False,15,001,20,f,r,0.15989317907384526,True,0.347354013008391,True,"['low', 'high', 'low', 'high', 'low', 'high']",low,
