participant,session,age,gender,handedness,phase,overall_trial_num,trial_in_block,mem_filename,mem_ground_truth,controlled,trial_level,item_type,mem_response,mem_rt,mem_trigger_fix,mem_trigger_onset,mem_trigger_resp
13,001,24,f,r,memory_test,261,1,pistachio_11s,unseen,,,,no,3.7666134999599308,85,55,61
13,001,24,f,r,memory_test,262,2,piggy_bank_01b,seen,yes,high,controlled,yes,1.6445510999765247,82,52,61
13,001,24,f,r,memory_test,263,3,raisin_14s,unseen,,,,no,2.0583709999918938,85,55,61
13,001,24,f,r,memory_test,264,4,cummerbund_15s,unseen,,,,no,1.8803469000849873,85,55,61
13,001,24,f,r,memory_test,265,5,coffee_13s,seen,yes,high,controlled,yes,2.0377850000513718,82,52,61
13,001,24,f,r,memory_test,266,6,banana_peel_14s,unseen,,,,no,2.1137772999936715,85,55,61
13,001,24,f,r,memory_test,267,7,wafer_08s,seen,no,low,uncontrolled,yes,1.8996699000708759,83,53,61
13,001,24,f,r,memory_test,268,8,pickle_09s,seen,no,high,uncontrolled,yes,1.3421209999360144,84,54,61
13,001,24,f,r,memory_test,269,9,shower_cap_12s,seen,yes,low,controlled,yes,1.173759700031951,81,51,61
13,001,24,f,r,memory_test,270,10,butter_06s,unseen,,,,no,1.4234330001054332,85,55,61
13,001,24,f,r,memory_test,271,11,metal_detector_04s,unseen,,,,no,1.3178631000919268,85,55,61
13,001,24,f,r,memory_test,272,12,bib_13n,unseen,,,,no,1.1323806999716908,85,55,61
13,001,24,f,r,memory_test,273,13,firewood_05s,unseen,,,,yes,2.3541460999986157,85,55,62
13,001,24,f,r,memory_test,274,14,applesauce_05s,unseen,,,,no,2.2123542999615893,85,55,61
13,001,24,f,r,memory_test,275,15,diamond_14s,unseen,,,,no,1.243251100066118,85,55,61
13,001,24,f,r,memory_test,276,16,vending_machine_03s,seen,no,high,uncontrolled,yes,1.9407744999043643,84,54,61
13,001,24,f,r,memory_test,277,17,swimsuit_08s,seen,no,high,uncontrolled,no,2.131568699958734,84,54,62
13,001,24,f,r,memory_test,278,18,mouse2_09s,seen,no,high,uncontrolled,yes,3.058878800016828,84,54,61
13,001,24,f,r,memory_test,279,19,ready_meal_11s,unseen,,,,no,2.13443490001373,85,55,61
13,001,24,f,r,memory_test,280,20,robot_14s,seen,yes,low,controlled,yes,1.766194500029087,81,51,61
13,001,24,f,r,memory_test,281,21,touchpad_11s,unseen,,,,no,2.133136799908243,85,55,61
13,001,24,f,r,memory_test,282,22,hook1_15s,seen,yes,low,controlled,no,1.3261709999060258,81,51,62
13,001,24,f,r,memory_test,283,23,coverall_11s,seen,yes,low,controlled,yes,1.6807741000084206,81,51,61
13,001,24,f,r,memory_test,284,24,hairdryer_06s,unseen,,,,no,1.8442564000142738,85,55,61
13,001,24,f,r,memory_test,285,25,pocket_01b,seen,no,low,uncontrolled,yes,1.8196121000219136,83,53,61
13,001,24,f,r,memory_test,286,26,fishhook_09s,seen,no,low,uncontrolled,yes,1.0848089000210166,83,53,61
13,001,24,f,r,memory_test,287,27,playing_card_12s,seen,no,high,uncontrolled,no,3.003781900042668,84,54,62
13,001,24,f,r,memory_test,288,28,veil_01s,seen,no,high,uncontrolled,yes,1.7593768000369892,84,54,61
13,001,24,f,r,memory_test,289,29,hot_tub_07s,seen,no,low,uncontrolled,yes,1.0931236000033095,83,53,61
13,001,24,f,r,memory_test,290,30,swab_02s,unseen,,,,no,1.9365966999903321,85,55,61
13,001,24,f,r,memory_test,291,31,saxophone_07s,seen,no,high,uncontrolled,yes,1.4068424999713898,84,54,61
13,001,24,f,r,memory_test,292,32,gauze_02s,seen,yes,high,controlled,yes,1.117470300057903,82,52,61
13,001,24,f,r,memory_test,293,33,outlet_02s,unseen,,,,no,2.1105002000695094,85,55,61
13,001,24,f,r,memory_test,294,34,cellphone_11s,seen,yes,low,controlled,yes,2.992570500005968,81,51,61
13,001,24,f,r,memory_test,295,35,tiara_08s,seen,yes,low,controlled,yes,0.8974851999664679,81,51,61
13,001,24,f,r,memory_test,296,36,plum_08s,unseen,,,,no,1.425239900010638,85,55,61
13,001,24,f,r,memory_test,297,37,cream_cheese_05s,unseen,,,,no,0.9466240999754518,85,55,61
13,001,24,f,r,memory_test,298,38,hydrant_12s,seen,yes,low,controlled,yes,1.2991948999697343,81,51,61
13,001,24,f,r,memory_test,299,39,coal_08s,seen,yes,high,controlled,no,1.4881299999542534,82,52,62
13,001,24,f,r,memory_test,300,40,mullet_03s,seen,yes,high,controlled,yes,1.2863748000236228,82,52,61
13,001,24,f,r,memory_test,301,41,yolk_11s,unseen,,,,yes,1.5290812000166625,85,55,62
13,001,24,f,r,memory_test,302,42,grater_03s,seen,yes,high,controlled,yes,0.7492842000210658,82,52,61
13,001,24,f,r,memory_test,303,43,toilet_paper_07s,unseen,,,,no,1.4599489000393078,85,55,61
13,001,24,f,r,memory_test,304,44,kilt_11s,unseen,,,,no,2.8411704000318423,85,55,61
13,001,24,f,r,memory_test,305,45,hotdog_03s,seen,no,high,uncontrolled,yes,1.2052024999866262,84,54,61
13,001,24,f,r,memory_test,306,46,fur_coat_12s,seen,no,high,uncontrolled,yes,1.1336683001136407,84,54,61
13,001,24,f,r,memory_test,307,47,bedpan_08s,seen,yes,low,controlled,yes,0.7810865000355989,81,51,61
13,001,24,f,r,memory_test,308,48,pan_15s,seen,no,low,uncontrolled,no,1.3295829000417143,83,53,62
13,001,24,f,r,memory_test,309,49,corset_09s,seen,yes,low,controlled,yes,1.0307953000301495,81,51,61
13,001,24,f,r,memory_test,310,50,mixer_03s,seen,no,low,uncontrolled,no,1.451376499957405,83,53,62
13,001,24,f,r,memory_test,311,51,electric_chair_11s,seen,yes,low,controlled,no,1.7358793000457808,81,51,62
13,001,24,f,r,memory_test,312,52,banana_06s,seen,no,high,uncontrolled,no,3.165946100023575,84,54,62
13,001,24,f,r,memory_test,313,53,headscarf_07s,seen,yes,low,controlled,yes,0.8329649000661448,81,51,61
13,001,24,f,r,memory_test,314,54,prune_04s,unseen,,,,yes,1.1172430999577045,85,55,62
13,001,24,f,r,memory_test,315,55,dishrag_10s,unseen,,,,no,1.2849783999845386,85,55,61
13,001,24,f,r,memory_test,316,56,nail_file_05s,unseen,,,,no,1.646055300021544,85,55,61
13,001,24,f,r,memory_test,317,57,burrito_05s,seen,no,low,uncontrolled,yes,1.0425807000137866,83,53,61
13,001,24,f,r,memory_test,318,58,meatloaf_09s,unseen,,,,no,1.1827597999945283,85,55,61
13,001,24,f,r,memory_test,319,59,cardboard_07s,seen,yes,low,controlled,yes,0.9399455999955535,81,51,61
13,001,24,f,r,memory_test,320,60,computer_screen_12s,seen,no,high,uncontrolled,yes,1.4983438000781462,84,54,61
13,001,24,f,r,memory_test,321,61,solar_panel_04s,seen,yes,low,controlled,no,1.0894516999833286,81,51,62
13,001,24,f,r,memory_test,322,62,cross_05s,unseen,,,,no,1.1192488999804482,85,55,61
13,001,24,f,r,memory_test,323,63,toast_13s,seen,no,high,uncontrolled,yes,0.9172501999419183,84,54,61
13,001,24,f,r,memory_test,324,64,insole_02s,unseen,,,,no,1.0592433999991044,85,55,61
13,001,24,f,r,memory_test,325,65,corn_14s,seen,no,high,uncontrolled,no,1.9968194999964908,84,54,62
13,001,24,f,r,memory_test,326,66,nail_08s,seen,no,high,uncontrolled,no,1.8352299999678507,84,54,62
13,001,24,f,r,memory_test,327,67,sausage_08s,seen,no,low,uncontrolled,yes,1.4981900999555364,83,53,61
13,001,24,f,r,memory_test,328,68,clipper1_01s,unseen,,,,no,1.8838855000212789,85,55,61
13,001,24,f,r,memory_test,329,69,eye_patch_11s,seen,no,low,uncontrolled,yes,1.0974195000017062,83,53,61
13,001,24,f,r,memory_test,330,70,cotton_candy_08s,seen,yes,low,controlled,yes,1.4066798000130802,81,51,61
13,001,24,f,r,memory_test,331,71,harness_03s,unseen,,,,no,1.2179616999346763,85,55,61
13,001,24,f,r,memory_test,332,72,walker1_03s,seen,no,high,uncontrolled,no,1.265877400059253,84,54,62
13,001,24,f,r,memory_test,333,73,spacesuit_12s,unseen,,,,no,1.3595957000507042,85,55,61
13,001,24,f,r,memory_test,334,74,toothbrush_12s,unseen,,,,no,1.2184697999618948,85,55,61
13,001,24,f,r,memory_test,335,75,crucifix_09s,seen,yes,high,controlled,yes,2.238819499965757,82,52,61
13,001,24,f,r,memory_test,336,76,suitcase_11s,seen,yes,low,controlled,yes,1.4381425000028685,81,51,61
13,001,24,f,r,memory_test,337,77,nail_polish_03s,unseen,,,,no,1.8326005999697372,85,55,61
13,001,24,f,r,memory_test,338,78,seesaw_03s,unseen,,,,no,2.3215392000274733,85,55,61
13,001,24,f,r,memory_test,339,79,sweater_13s,unseen,,,,yes,1.2990062000462785,85,55,62
13,001,24,f,r,memory_test,340,80,orange_rind_15s,seen,yes,low,controlled,yes,1.3629490999737754,81,51,61
13,001,24,f,r,memory_test,341,81,ice_pack_10s,unseen,,,,no,0.9510378999402747,85,55,61
13,001,24,f,r,memory_test,342,82,toothpick_14n,seen,no,low,uncontrolled,yes,1.0816724000032991,83,53,61
13,001,24,f,r,memory_test,343,83,quesadilla_02s,unseen,,,,no,1.7221938000293449,85,55,61
13,001,24,f,r,memory_test,344,84,roll_01b,seen,yes,high,controlled,no,1.4841515000443906,82,52,62
13,001,24,f,r,memory_test,345,85,flipper_12s,seen,no,high,uncontrolled,yes,0.8018581999931484,84,54,61
13,001,24,f,r,memory_test,346,86,bench_16n,unseen,,,,no,1.9589791999896988,85,55,61
13,001,24,f,r,memory_test,347,87,light_switch_17s,seen,yes,high,controlled,yes,1.4073186001041904,82,52,61
13,001,24,f,r,memory_test,348,88,unicycle_03s,unseen,,,,no,2.3820013999938965,85,55,61
13,001,24,f,r,memory_test,349,89,juicer1_09s,unseen,,,,no,1.0924723000498489,85,55,61
13,001,24,f,r,memory_test,350,90,hairnet_07s,seen,no,low,uncontrolled,yes,1.148909900104627,83,53,61
13,001,24,f,r,memory_test,351,91,waffle_17s,unseen,,,,no,1.6447821999900043,85,55,61
13,001,24,f,r,memory_test,352,92,skewer_09s,unseen,,,,no,2.1630868000211194,85,55,61
13,001,24,f,r,memory_test,353,93,comic_book_08s,seen,no,high,uncontrolled,yes,1.1898584000300616,84,54,61
13,001,24,f,r,memory_test,354,94,shorts_12s,unseen,,,,no,1.089909499976784,85,55,61
13,001,24,f,r,memory_test,355,95,peppermint_02s,seen,yes,low,controlled,yes,0.9629900000290945,81,51,61
13,001,24,f,r,memory_test,356,96,origami_03s,seen,no,low,uncontrolled,yes,1.0223681000061333,83,53,61
13,001,24,f,r,memory_test,357,97,cork_10s,seen,yes,low,controlled,no,1.5880198000231758,81,51,62
13,001,24,f,r,memory_test,358,98,taco_01b,unseen,,,,no,1.2428684000624344,85,55,61
13,001,24,f,r,memory_test,359,99,trampoline_01b,unseen,,,,no,1.5904831999214366,85,55,61
13,001,24,f,r,memory_test,360,100,dice_14s,seen,yes,high,controlled,yes,1.981159600079991,82,52,61
13,001,24,f,r,memory_test,361,101,jelly_bean_13n,seen,no,high,uncontrolled,yes,2.5088103000307456,84,54,61
13,001,24,f,r,memory_test,362,102,drumstick_03s,unseen,,,,no,1.6283071999205276,85,55,61
13,001,24,f,r,memory_test,363,103,dumpster_02s,unseen,,,,no,0.9279129999922588,85,55,61
13,001,24,f,r,memory_test,364,104,tortellini_06s,unseen,,,,no,1.1181307999650016,85,55,61
13,001,24,f,r,memory_test,365,105,dumpling_13s,seen,no,high,uncontrolled,no,1.9602636999916285,84,54,62
13,001,24,f,r,memory_test,366,106,cookie_11s,seen,no,low,uncontrolled,no,2.1527604999719188,83,53,62
13,001,24,f,r,memory_test,367,107,pet_food_04s,unseen,,,,no,1.5214075000258163,85,55,61
13,001,24,f,r,memory_test,368,108,blower_10s,seen,no,high,uncontrolled,yes,1.6613139999099076,84,54,61
13,001,24,f,r,memory_test,369,109,pinball_09s,seen,yes,high,controlled,no,2.0334006000775844,82,52,62
13,001,24,f,r,memory_test,370,110,leotard_13s,seen,yes,low,controlled,yes,1.0537234999937937,81,51,61
13,001,24,f,r,memory_test,371,111,barrette_09s,seen,no,high,uncontrolled,yes,1.208561799954623,84,54,61
13,001,24,f,r,memory_test,372,112,peg_08s,unseen,,,,no,1.8235787000739947,85,55,61
13,001,24,f,r,memory_test,373,113,turban_02s,seen,yes,high,controlled,yes,0.9645866999635473,82,52,61
13,001,24,f,r,memory_test,374,114,match_07s,unseen,,,,no,1.937275999924168,85,55,61
13,001,24,f,r,memory_test,375,115,ironing_board_01b,seen,no,low,uncontrolled,yes,1.2657365000341088,83,53,61
13,001,24,f,r,memory_test,376,116,headset_09s,seen,no,high,uncontrolled,no,1.433209199924022,84,54,62
13,001,24,f,r,memory_test,377,117,stair_16s,unseen,,,,no,1.0860785000259057,85,55,61
13,001,24,f,r,memory_test,378,118,mosquito_net_02s,seen,yes,high,controlled,yes,0.9614991000853479,82,52,61
13,001,24,f,r,memory_test,379,119,dough_17s,seen,no,high,uncontrolled,yes,1.581056399969384,84,54,61
13,001,24,f,r,memory_test,380,120,ruby_14s,seen,no,high,uncontrolled,yes,0.8314429000020027,84,54,61
13,001,24,f,r,memory_test,381,121,boot_09s,seen,yes,low,controlled,no,1.3564329000655562,81,51,62
13,001,24,f,r,memory_test,382,122,bubble_wrap_11s,unseen,,,,no,1.838730200077407,85,55,61
13,001,24,f,r,memory_test,383,123,kimono_06s,unseen,,,,no,1.1813059000996873,85,55,61
13,001,24,f,r,memory_test,384,124,peach_09n,seen,yes,low,controlled,yes,1.23709259997122,81,51,61
13,001,24,f,r,memory_test,385,125,coffee_bean_12s,seen,yes,low,controlled,yes,0.8094718999927863,81,51,61
13,001,24,f,r,memory_test,386,126,robe_10s,unseen,,,,no,2.0078729999950156,85,55,61
13,001,24,f,r,memory_test,387,127,ramp_09s,seen,no,low,uncontrolled,no,1.0476957999635488,83,53,62
13,001,24,f,r,memory_test,388,128,highlighter_05s,seen,yes,high,controlled,yes,1.5752240000292659,82,52,61
13,001,24,f,r,memory_test,389,129,soy_sauce_10s,unseen,,,,no,0.9946042000083253,85,55,61
13,001,24,f,r,memory_test,390,130,pasta_06s,seen,yes,high,controlled,yes,1.1165700000710785,82,52,61
13,001,24,f,r,memory_test,391,131,lipstick_12s,seen,no,high,uncontrolled,yes,1.2633458999916911,84,54,61
13,001,24,f,r,memory_test,392,132,nest_01b,unseen,,,,yes,2.1892530999612063,85,55,62
13,001,24,f,r,memory_test,393,133,bun_07s,unseen,,,,no,1.6658408000366762,85,55,61
13,001,24,f,r,memory_test,394,134,dollhouse_12s,unseen,,,,no,0.8338589000049978,85,55,61
13,001,24,f,r,memory_test,395,135,pesto_07s,seen,yes,high,controlled,yes,1.88597129995469,82,52,61
13,001,24,f,r,memory_test,396,136,bagel_11s,unseen,,,,no,0.8943253000034019,85,55,61
13,001,24,f,r,memory_test,397,137,punch2_01b,unseen,,,,no,1.1348646000260487,85,55,61
13,001,24,f,r,memory_test,398,138,card_07s,unseen,,,,no,1.1410825999919325,85,55,61
13,001,24,f,r,memory_test,399,139,backscratcher_12s,seen,yes,low,controlled,yes,1.2086687999544665,81,51,61
13,001,24,f,r,memory_test,400,140,battery_10s,unseen,,,,no,1.0763377000112087,85,55,61
13,001,24,f,r,memory_test,401,141,olive_12s,unseen,,,,yes,2.025098899961449,85,55,62
13,001,24,f,r,memory_test,402,142,yarn_10s,seen,no,low,uncontrolled,yes,0.8958315000636503,83,53,61
13,001,24,f,r,memory_test,403,143,microscope_14n,unseen,,,,no,0.9022017000243068,85,55,61
13,001,24,f,r,memory_test,404,144,ice_cube_03s,seen,no,low,uncontrolled,no,0.8569196000462398,83,53,62
13,001,24,f,r,memory_test,405,145,spider_web_06s,seen,no,high,uncontrolled,no,2.944399799918756,84,54,62
13,001,24,f,r,memory_test,406,146,polo_shirt_14s,unseen,,,,no,1.2098872000351548,85,55,61
13,001,24,f,r,memory_test,407,147,fingerprint_01b,seen,yes,high,controlled,yes,0.8240871999878436,82,52,61
13,001,24,f,r,memory_test,408,148,wooden_leg_02s,unseen,,,,no,0.8695262999972329,85,55,61
13,001,24,f,r,memory_test,409,149,pill_04s,unseen,,,,no,1.8012684000423178,85,55,61
13,001,24,f,r,memory_test,410,150,pita_08s,seen,no,high,uncontrolled,yes,1.0875147000188008,84,54,61
13,001,24,f,r,memory_test,411,151,snack_02s,unseen,,,,no,0.9139192000729963,85,55,61
13,001,24,f,r,memory_test,412,152,spareribs_10s,seen,yes,high,controlled,no,1.1004449999891222,82,52,62
13,001,24,f,r,memory_test,413,153,filing_cabinet_07s,unseen,,,,no,0.7540884999325499,85,55,61
13,001,24,f,r,memory_test,414,154,doorstop_06s,unseen,,,,no,0.958802199922502,85,55,61
13,001,24,f,r,memory_test,415,155,cloak_13s,unseen,,,,yes,0.8977790999924764,85,55,62
13,001,24,f,r,memory_test,416,156,skirt_02s,seen,yes,low,controlled,yes,0.726883800001815,81,51,61
13,001,24,f,r,memory_test,417,157,eyeliner_10s,seen,yes,high,controlled,yes,1.0559654999524355,82,52,61
13,001,24,f,r,memory_test,418,158,ticktacktoe_09s,seen,no,high,uncontrolled,yes,0.9921314999228343,84,54,61
13,001,24,f,r,memory_test,419,159,refrigerator_11s,seen,yes,high,controlled,no,0.9731651999754831,82,52,62
13,001,24,f,r,memory_test,420,160,sweeper_02s,seen,yes,low,controlled,yes,1.5848876000382006,81,51,61
13,001,24,f,r,memory_test,421,161,paintbrush_02s,unseen,,,,yes,1.0728645001072437,85,55,62
13,001,24,f,r,memory_test,422,162,steak_15s,unseen,,,,no,0.6940220000687987,85,55,61
13,001,24,f,r,memory_test,423,163,clothespin_08s,seen,yes,high,controlled,yes,0.7952854000031948,82,52,61
13,001,24,f,r,memory_test,424,164,screw_05s,unseen,,,,no,0.7915166999446228,85,55,61
13,001,24,f,r,memory_test,425,165,squeegee_10s,unseen,,,,no,1.5107244999380782,85,55,61
13,001,24,f,r,memory_test,426,166,turtleneck_10s,unseen,,,,no,1.0292574000777677,85,55,61
13,001,24,f,r,memory_test,427,167,keyboard_15s,seen,no,low,uncontrolled,no,1.2429062000010163,83,53,62
13,001,24,f,r,memory_test,428,168,pie_02s,unseen,,,,no,1.0672100998926908,85,55,61
13,001,24,f,r,memory_test,429,169,headdress_11s,seen,yes,high,controlled,yes,1.0930464999983087,82,52,61
13,001,24,f,r,memory_test,430,170,ice_cream_10s,unseen,,,,no,1.138656000024639,85,55,61
13,001,24,f,r,memory_test,431,171,headrest_10s,unseen,,,,no,1.1074774999869987,85,55,61
13,001,24,f,r,memory_test,432,172,plaster_cast_13s,seen,yes,high,controlled,yes,1.7107529999921098,82,52,61
13,001,24,f,r,memory_test,433,173,chocolate_11s,unseen,,,,no,1.1099012000486255,85,55,61
13,001,24,f,r,memory_test,434,174,handprint_12s,unseen,,,,no,1.2140205999603495,85,55,61
13,001,24,f,r,memory_test,435,175,boa_02s,unseen,,,,no,1.0583223999710754,85,55,61
13,001,24,f,r,memory_test,436,176,glove_11s,unseen,,,,no,1.328317700070329,85,55,61
13,001,24,f,r,memory_test,437,177,wood_03s,seen,yes,low,controlled,yes,0.8103489999193698,81,51,61
13,001,24,f,r,memory_test,438,178,visor_13s,unseen,,,,no,0.7927715999539942,85,55,61
13,001,24,f,r,memory_test,439,179,tube_top_10s,unseen,,,,no,1.673656899947673,85,55,61
13,001,24,f,r,memory_test,440,180,inhaler_12s,unseen,,,,no,1.4646907000569627,85,55,61
13,001,24,f,r,memory_test,441,181,scale_05s,unseen,,,,no,0.8865889000007883,85,55,61
13,001,24,f,r,memory_test,442,182,limousine_10s,seen,no,high,uncontrolled,no,0.9526699000271037,84,54,62
13,001,24,f,r,memory_test,443,183,caviar_07s,seen,no,low,uncontrolled,yes,1.0472593999002129,83,53,61
13,001,24,f,r,memory_test,444,184,shoelace_06s,seen,yes,high,controlled,yes,0.9157816000515595,82,52,61
13,001,24,f,r,memory_test,445,185,sewage_01b,unseen,,,,no,0.9952183000277728,85,55,61
13,001,24,f,r,memory_test,446,186,spur_10s,unseen,,,,no,0.9831771999597549,85,55,61
13,001,24,f,r,memory_test,447,187,taffy_08s,seen,yes,low,controlled,yes,1.4778306999942288,81,51,61
13,001,24,f,r,memory_test,448,188,snowman_03s,seen,no,high,uncontrolled,no,0.8032502999994904,84,54,62
13,001,24,f,r,memory_test,449,189,sofa_bed_13s,unseen,,,,no,0.9808293000096455,85,55,61
13,001,24,f,r,memory_test,450,190,crutch_11s,unseen,,,,no,1.2422022999962792,85,55,61
13,001,24,f,r,memory_test,451,191,footbath_02s,seen,no,low,uncontrolled,no,1.0546882000053301,83,53,62
13,001,24,f,r,memory_test,452,192,coffee_filter_05s,seen,no,low,uncontrolled,yes,1.2111230000155047,83,53,61
13,001,24,f,r,memory_test,453,193,glue_11s,seen,yes,low,controlled,yes,1.4300665999762714,81,51,61
13,001,24,f,r,memory_test,454,194,cracker_01b,unseen,,,,no,0.8438305000308901,85,55,61
13,001,24,f,r,memory_test,455,195,money_14s,seen,yes,high,controlled,yes,1.228975999983959,82,52,61
13,001,24,f,r,memory_test,456,196,slot_machine_05s,seen,yes,low,controlled,no,2.1158299000235274,81,51,62
13,001,24,f,r,memory_test,457,197,t-shirt_06s,seen,yes,high,controlled,yes,0.9467588999541476,82,52,61
13,001,24,f,r,memory_test,458,198,hobbyhorse_04s,seen,yes,low,controlled,no,0.8064563000807539,81,51,62
13,001,24,f,r,memory_test,459,199,donut_15s,unseen,,,,no,1.339485100004822,85,55,61
13,001,24,f,r,memory_test,460,200,water_heater_01b,unseen,,,,no,0.9132985000032932,85,55,61
13,001,24,f,r,memory_test,461,201,holster_09s,unseen,,,,no,2.438176800031215,85,55,61
13,001,24,f,r,memory_test,462,202,test_tube_17s,unseen,,,,no,1.1716288999887183,85,55,61
13,001,24,f,r,memory_test,463,203,macaroni_11s,unseen,,,,no,0.958988800062798,85,55,61
13,001,24,f,r,memory_test,464,204,omelet_16s,unseen,,,,no,0.7096388000063598,85,55,61
13,001,24,f,r,memory_test,465,205,dip_04s,seen,yes,low,controlled,no,1.641496800002642,81,51,62
13,001,24,f,r,memory_test,466,206,quiche_11s,unseen,,,,no,1.618354000034742,85,55,61
13,001,24,f,r,memory_test,467,207,tattoo_04s,seen,yes,high,controlled,yes,0.9206672000000253,82,52,61
13,001,24,f,r,memory_test,468,208,wing_03s,unseen,,,,no,1.1290763000724837,85,55,61
13,001,24,f,r,memory_test,469,209,parfait_17s,seen,no,high,uncontrolled,yes,0.973084699944593,84,54,61
13,001,24,f,r,memory_test,470,210,pants_11s,unseen,,,,no,0.902688100002706,85,55,61
13,001,24,f,r,memory_test,471,211,brick_09s,unseen,,,,no,1.0280190999619663,85,55,61
13,001,24,f,r,memory_test,472,212,lollipop_01b,seen,no,low,uncontrolled,no,1.7674718000926077,83,53,62
13,001,24,f,r,memory_test,473,213,sequin_08s,seen,no,low,uncontrolled,yes,0.9410488998983055,83,53,61
13,001,24,f,r,memory_test,474,214,creme_brulee_07s,seen,no,low,uncontrolled,no,0.7410194999538362,83,53,62
13,001,24,f,r,memory_test,475,215,sandbox_06s,unseen,,,,no,1.003591199987568,85,55,61
13,001,24,f,r,memory_test,476,216,pallet_11s,unseen,,,,no,0.850246399990283,85,55,61
13,001,24,f,r,memory_test,477,217,sleeping_bag_09s,unseen,,,,no,0.8827654999913648,85,55,61
13,001,24,f,r,memory_test,478,218,sarcophagus_08s,seen,no,high,uncontrolled,yes,1.0233987999381498,84,54,61
13,001,24,f,r,memory_test,479,219,sauerkraut_03s,unseen,,,,no,0.8990455999737605,85,55,61
13,001,24,f,r,memory_test,480,220,trap_07s,seen,no,low,uncontrolled,no,1.0880560000659898,83,53,62
13,001,24,f,r,memory_test,481,221,lip_balm_08s,seen,yes,high,controlled,no,1.946189200039953,82,52,62
13,001,24,f,r,memory_test,482,222,punching_bag_09s,unseen,,,,no,1.2291499000275508,85,55,61
13,001,24,f,r,memory_test,483,223,easter_egg_12s,unseen,,,,no,1.1676575999008492,85,55,61
13,001,24,f,r,memory_test,484,224,footprint_11s,unseen,,,,no,0.9826569000724703,85,55,61
13,001,24,f,r,memory_test,485,225,honeycomb_08s,unseen,,,,no,0.8260730999754742,85,55,61
13,001,24,f,r,memory_test,486,226,cornbread_01b,unseen,,,,no,0.989746299921535,85,55,61
13,001,24,f,r,memory_test,487,227,sink_03s,seen,yes,low,controlled,no,0.9085437000030652,81,51,62
13,001,24,f,r,memory_test,488,228,hanger_13n,seen,yes,low,controlled,no,0.9643894000910223,81,51,62
13,001,24,f,r,memory_test,489,229,garter_02s,seen,no,low,uncontrolled,yes,0.9565446999622509,83,53,61
13,001,24,f,r,memory_test,490,230,seismograph_06s,seen,yes,high,controlled,yes,0.9621027000248432,82,52,61
13,001,24,f,r,memory_test,491,231,nightshirt_07s,unseen,,,,no,0.8436216999543831,85,55,61
13,001,24,f,r,memory_test,492,232,air_mattress_13s,unseen,,,,no,0.967580100055784,85,55,61
13,001,24,f,r,memory_test,493,233,whisk_04s,unseen,,,,yes,1.2517144000157714,85,55,62
13,001,24,f,r,memory_test,494,234,kazoo_08s,unseen,,,,no,1.9082640999695286,85,55,61
13,001,24,f,r,memory_test,495,235,eggnog_02s,seen,yes,high,controlled,no,0.7671880000270903,82,52,62
13,001,24,f,r,memory_test,496,236,gold_13s,seen,yes,low,controlled,no,1.1518239000579342,81,51,62
13,001,24,f,r,memory_test,497,237,braid_09s,unseen,,,,no,1.0921320000197738,85,55,61
13,001,24,f,r,memory_test,498,238,leggings_12s,unseen,,,,no,1.1462095000315458,85,55,61
13,001,24,f,r,memory_test,499,239,riser_11s,unseen,,,,no,1.1463697999715805,85,55,61
13,001,24,f,r,memory_test,500,240,latte_01b,seen,no,low,uncontrolled,yes,0.7020498999627307,83,53,61
13,001,24,f,r,memory_test,501,241,hot_chocolate_12s,seen,no,low,uncontrolled,no,1.0923191000474617,83,53,62
13,001,24,f,r,memory_test,502,242,tab_09s,unseen,,,,no,0.8435861999168992,85,55,61
13,001,24,f,r,memory_test,503,243,sim_card_10s,unseen,,,,no,1.5714330999180675,85,55,61
13,001,24,f,r,memory_test,504,244,float_04s,unseen,,,,no,1.0055245999246836,85,55,61
13,001,24,f,r,memory_test,505,245,hairbrush_08s,unseen,,,,no,0.7499489999609068,85,55,61
13,001,24,f,r,memory_test,506,246,straw2_09s,unseen,,,,no,1.140958599979058,85,55,61
13,001,24,f,r,memory_test,507,247,cashew_11s,unseen,,,,yes,0.8906581999035552,85,55,62
13,001,24,f,r,memory_test,508,248,jumpsuit_11s,seen,no,high,uncontrolled,no,0.7701790001010522,84,54,62
13,001,24,f,r,memory_test,509,249,football_04s,seen,no,low,uncontrolled,no,1.7777575999498367,83,53,62
13,001,24,f,r,memory_test,510,250,candy_10s,seen,yes,high,controlled,yes,0.8598514000186697,82,52,61
13,001,24,f,r,memory_test,511,251,snorkel_05s,seen,yes,low,controlled,yes,0.881564199924469,81,51,61
13,001,24,f,r,memory_test,512,252,chalk_02s,seen,yes,high,controlled,yes,0.7030633999966085,82,52,61
13,001,24,f,r,memory_test,513,253,rattle_08s,unseen,,,,no,0.8381624999456108,85,55,61
13,001,24,f,r,memory_test,514,254,broom_10s,unseen,,,,no,1.082062300061807,85,55,61
13,001,24,f,r,memory_test,515,255,hamburger_10s,unseen,,,,no,1.3683632999891415,85,55,61
13,001,24,f,r,memory_test,516,256,bean_04s,unseen,,,,no,1.693801200017333,85,55,61
13,001,24,f,r,memory_test,517,257,tomato_sauce_14s,seen,yes,low,controlled,yes,1.3330698000499979,81,51,61
13,001,24,f,r,memory_test,518,258,magnet_12s,seen,no,high,uncontrolled,no,1.156697200029157,84,54,62
13,001,24,f,r,memory_test,519,259,thumbtack_15n,seen,yes,low,controlled,no,1.071616500033997,81,51,62
13,001,24,f,r,memory_test,520,260,pillbox_13s,seen,no,high,uncontrolled,yes,0.9402695000171661,84,54,61
13,001,24,f,r,memory_test,521,261,peanut_12s,seen,no,high,uncontrolled,no,1.7509604999795556,84,54,62
13,001,24,f,r,memory_test,522,262,iceskate_07s,seen,no,low,uncontrolled,yes,1.286169599974528,83,53,61
13,001,24,f,r,memory_test,523,263,icicle_12s,seen,no,high,uncontrolled,no,0.8260243999538943,84,54,62
13,001,24,f,r,memory_test,524,264,cape_06s,seen,no,low,uncontrolled,no,1.8064608999993652,83,53,62
13,001,24,f,r,memory_test,525,265,wrap_09s,seen,no,low,uncontrolled,yes,0.9124032000545412,83,53,61
13,001,24,f,r,memory_test,526,266,bathrobe_07s,unseen,,,,no,1.8233571000164375,85,55,61
13,001,24,f,r,memory_test,527,267,urinal_10s,unseen,,,,no,1.0263855999801308,85,55,61
13,001,24,f,r,memory_test,528,268,pencil_sharpener_11s,unseen,,,,no,0.9050552999833599,85,55,61
13,001,24,f,r,memory_test,529,269,undershirt_04s,seen,no,high,uncontrolled,no,1.3609798999968916,84,54,62
13,001,24,f,r,memory_test,530,270,hula_hoop_16s,seen,yes,low,controlled,yes,0.8290284000104293,81,51,61
13,001,24,f,r,memory_test,531,271,subway_13s,unseen,,,,no,0.8478696000529453,85,55,61
13,001,24,f,r,memory_test,532,272,spring_roll_05s,unseen,,,,no,1.1690484000137076,85,55,61
13,001,24,f,r,memory_test,533,273,flan_02s,seen,no,low,uncontrolled,yes,0.8137831999920309,83,53,61
13,001,24,f,r,memory_test,534,274,scrambled_egg_12s,unseen,,,,no,0.7796027000294998,85,55,61
13,001,24,f,r,memory_test,535,275,jersey_07s,seen,yes,high,controlled,yes,2.4941880999831483,82,52,61
13,001,24,f,r,memory_test,536,276,grapefruit_09s,seen,no,high,uncontrolled,no,1.6704575000330806,84,54,62
13,001,24,f,r,memory_test,537,277,cheeseburger_12s,seen,yes,low,controlled,no,1.2211566000478342,81,51,62
13,001,24,f,r,memory_test,538,278,sushi_08s,seen,yes,low,controlled,no,1.3567366999341175,81,51,62
13,001,24,f,r,memory_test,539,279,noisemaker_05s,unseen,,,,no,0.9338161000050604,85,55,61
13,001,24,f,r,memory_test,540,280,ravioli_15s,seen,no,low,uncontrolled,no,2.24401270004455,83,53,62
13,001,24,f,r,memory_test,541,281,pepper2_08s,unseen,,,,no,1.0524467000504956,85,55,61
13,001,24,f,r,memory_test,542,282,tent_12s,seen,no,low,uncontrolled,no,1.123000800027512,83,53,62
13,001,24,f,r,memory_test,543,283,safety_pin_03s,seen,no,high,uncontrolled,yes,0.7672116999747232,84,54,61
13,001,24,f,r,memory_test,544,284,cigarette_15s,unseen,,,,no,1.1056702999630943,85,55,61
13,001,24,f,r,memory_test,545,285,javelin_01s,seen,yes,high,controlled,no,0.935948200058192,82,52,62
13,001,24,f,r,memory_test,546,286,jam_01b,unseen,,,,no,1.124716299935244,85,55,61
13,001,24,f,r,memory_test,547,287,diskette_03s,unseen,,,,no,2.713891700026579,85,55,61
13,001,24,f,r,memory_test,548,288,locker_12s,unseen,,,,no,2.3373476000269875,85,55,61
13,001,24,f,r,memory_test,549,289,paperclip_07s,seen,no,low,uncontrolled,no,1.2498957000207156,83,53,62
13,001,24,f,r,memory_test,550,290,lighter_08s,unseen,,,,no,1.5885297999484465,85,55,61
13,001,24,f,r,memory_test,551,291,staple_06s,seen,yes,high,controlled,no,1.1002576999599114,82,52,62
13,001,24,f,r,memory_test,552,292,biscuit_09s,seen,no,low,uncontrolled,no,1.0912864999845624,83,53,62
13,001,24,f,r,memory_test,553,293,wallet_05s,seen,no,high,uncontrolled,no,2.7777830999111757,84,54,62
13,001,24,f,r,memory_test,554,294,dumbbell_10s,seen,no,high,uncontrolled,no,0.9971350999549031,84,54,62
13,001,24,f,r,memory_test,555,295,razor_09s,seen,yes,low,controlled,yes,1.2580086999805644,81,51,61
13,001,24,f,r,memory_test,556,296,egg_15s,seen,yes,high,controlled,no,1.5933548000175506,82,52,62
13,001,24,f,r,memory_test,557,297,candy_cane_06s,unseen,,,,no,1.9676717999391258,85,55,61
13,001,24,f,r,memory_test,558,298,stamp1_05s,seen,yes,high,controlled,yes,0.9259087000973523,82,52,61
13,001,24,f,r,memory_test,559,299,pin_12s,seen,yes,low,controlled,yes,0.9888068999862298,81,51,61
13,001,24,f,r,memory_test,560,300,caramel_09s,unseen,,,,no,0.8957165000028908,85,55,61
13,001,24,f,r,memory_test,561,301,playpen_05s,unseen,,,,no,1.7301257000071928,85,55,61
13,001,24,f,r,memory_test,562,302,sponge_02s,unseen,,,,yes,1.1093166000209749,85,55,62
13,001,24,f,r,memory_test,563,303,asparagus_07s,unseen,,,,no,1.4281133000040427,85,55,61
13,001,24,f,r,memory_test,564,304,nutcracker_06s,seen,no,low,uncontrolled,yes,0.9630758999846876,83,53,61
13,001,24,f,r,memory_test,565,305,pizza_03s,seen,no,high,uncontrolled,no,0.6937117000343278,84,54,62
13,001,24,f,r,memory_test,566,306,rollerskate_12s,unseen,,,,no,0.7856585000408813,85,55,61
13,001,24,f,r,memory_test,567,307,lingerie_06s,seen,yes,high,controlled,yes,0.960866600042209,82,52,61
13,001,24,f,r,memory_test,568,308,chaps_14s,seen,no,low,uncontrolled,yes,0.9817617000080645,83,53,61
13,001,24,f,r,memory_test,569,309,coin_15s,seen,yes,high,controlled,yes,1.6011737999506295,82,52,61
13,001,24,f,r,memory_test,570,310,marker_08s,seen,no,low,uncontrolled,no,0.9142558000748977,83,53,62
13,001,24,f,r,memory_test,571,311,scarecrow_09s,unseen,,,,no,1.025491299922578,85,55,61
13,001,24,f,r,memory_test,572,312,hinge_04s,unseen,,,,yes,1.2736739999381825,85,55,62
13,001,24,f,r,memory_test,573,313,joystick_02s,seen,no,low,uncontrolled,yes,0.8581218000035733,83,53,61
13,001,24,f,r,memory_test,574,314,batter_04s,seen,no,low,uncontrolled,no,1.601631199941039,83,53,62
13,001,24,f,r,memory_test,575,315,dreidel_13s,seen,yes,high,controlled,yes,1.193229400087148,82,52,61
13,001,24,f,r,memory_test,576,316,target_14s,unseen,,,,no,0.8177679000655189,85,55,61
13,001,24,f,r,memory_test,577,317,boxing_gloves_05s,unseen,,,,no,0.9351301999995485,85,55,61
13,001,24,f,r,memory_test,578,318,bunkbed_06s,unseen,,,,no,0.8922030999092385,85,55,61
13,001,24,f,r,memory_test,579,319,piecrust_13s,unseen,,,,no,0.9298419000115246,85,55,61
13,001,24,f,r,memory_test,580,320,bead_13s,unseen,,,,no,1.0660161999985576,85,55,61
13,001,24,f,r,memory_test,581,321,suspenders_09s,unseen,,,,no,0.8204166000941768,85,55,61
13,001,24,f,r,memory_test,582,322,washing_machine_06s,unseen,,,,no,0.8857103999471292,85,55,61
13,001,24,f,r,memory_test,583,323,eclair_13s,unseen,,,,no,0.8785693999379873,85,55,61
13,001,24,f,r,memory_test,584,324,clasp_03s,unseen,,,,no,1.4586177999153733,85,55,61
13,001,24,f,r,memory_test,585,325,headband_04s,unseen,,,,no,1.6444844000507146,85,55,61
13,001,24,f,r,memory_test,586,326,tiramisu_12s,seen,yes,low,controlled,yes,1.1256635999307036,81,51,61
13,001,24,f,r,memory_test,587,327,bulletproof_vest_03s,seen,yes,high,controlled,no,3.326403700048104,82,52,62
13,001,24,f,r,memory_test,588,328,pacifier_04s,unseen,,,,no,0.8578952999087051,85,55,61
13,001,24,f,r,memory_test,589,329,pancake_08s,seen,no,high,uncontrolled,yes,0.8658590000122786,84,54,61
13,001,24,f,r,memory_test,590,330,birthday_cake_12s,seen,yes,high,controlled,yes,0.848730199970305,82,52,61
13,001,24,f,r,memory_test,591,331,phone_booth_06s,unseen,,,,no,1.099062000052072,85,55,61
13,001,24,f,r,memory_test,592,332,pomegranate_11n,seen,yes,low,controlled,yes,1.0527475000126287,81,51,61
13,001,24,f,r,memory_test,593,333,bandage_01b,unseen,,,,no,1.478597900015302,85,55,61
13,001,24,f,r,memory_test,594,334,bikini_09s,unseen,,,,no,0.9210619000950828,85,55,61
13,001,24,f,r,memory_test,595,335,ukulele_14s,seen,no,low,uncontrolled,yes,1.2955838999478146,83,53,61
13,001,24,f,r,memory_test,596,336,mannequin_03s,unseen,,,,no,0.9978465000167489,85,55,61
13,001,24,f,r,memory_test,597,337,pantsuit_07s,unseen,,,,yes,1.464130499982275,85,55,62
13,001,24,f,r,memory_test,598,338,wig_01s,unseen,,,,no,0.8521593000041321,85,55,61
13,001,24,f,r,memory_test,599,339,curling_iron_03s,seen,yes,low,controlled,no,0.9983883000677451,81,51,62
13,001,24,f,r,memory_test,600,340,pliers_10s,seen,no,low,uncontrolled,yes,1.1090878999093547,83,53,61
13,001,24,f,r,memory_test,601,341,bowling_ball_01b,seen,yes,low,controlled,no,0.7596960000228137,81,51,62
13,001,24,f,r,memory_test,602,342,pajamas_13s,seen,yes,low,controlled,no,1.0084109000163153,81,51,62
13,001,24,f,r,memory_test,603,343,mouthpiece_01s,unseen,,,,no,2.0853933999314904,85,55,61
13,001,24,f,r,memory_test,604,344,cufflink_05s,unseen,,,,no,1.2452392999548465,85,55,61
13,001,24,f,r,memory_test,605,345,gearshift_11n,unseen,,,,yes,1.5702996000181884,85,55,62
13,001,24,f,r,memory_test,606,346,lego_12s,seen,yes,high,controlled,yes,1.0333380000665784,82,52,61
13,001,24,f,r,memory_test,607,347,blimp_08n,unseen,,,,no,0.8140083999605849,85,55,61
13,001,24,f,r,memory_test,608,348,gas_mask_01b,seen,yes,low,controlled,yes,0.9927856000140309,81,51,61
13,001,24,f,r,memory_test,609,349,chili_11s,seen,no,high,uncontrolled,no,1.141726000001654,84,54,62
13,001,24,f,r,memory_test,610,350,coffin_06s,unseen,,,,no,1.4584593999898061,85,55,61
13,001,24,f,r,memory_test,611,351,harp_05s,unseen,,,,no,0.9935168999945745,85,55,61
13,001,24,f,r,memory_test,612,352,windsock_09s,seen,yes,low,controlled,yes,0.8621768000302836,81,51,61
13,001,24,f,r,memory_test,613,353,lab_coat_04s,unseen,,,,no,0.7812866000458598,85,55,61
13,001,24,f,r,memory_test,614,354,saffron_12s,unseen,,,,yes,2.305135300033726,85,55,62
13,001,24,f,r,memory_test,615,355,waffle_iron_14s,unseen,,,,no,0.7507319999858737,85,55,61
13,001,24,f,r,memory_test,616,356,bow1_01b,unseen,,,,no,1.0086070999968797,85,55,61
13,001,24,f,r,memory_test,617,357,blueberry_07s,unseen,,,,no,1.1819689000258222,85,55,61
13,001,24,f,r,memory_test,618,358,sorbet_07s,unseen,,,,no,0.9859141999622807,85,55,61
13,001,24,f,r,memory_test,619,359,tortilla_04s,unseen,,,,no,1.5861805999884382,85,55,61
13,001,24,f,r,memory_test,620,360,mitten_08s,seen,yes,high,controlled,no,0.8688319000648335,82,52,62
13,001,24,f,r,memory_test,621,361,cornhusk_03s,unseen,,,,no,1.9496763000497594,85,55,61
13,001,24,f,r,memory_test,622,362,wetsuit_09s,seen,yes,low,controlled,no,1.2408925000345334,81,51,62
13,001,24,f,r,memory_test,623,363,cheese_07s,unseen,,,,no,1.0230521999765188,85,55,61
13,001,24,f,r,memory_test,624,364,french_horn_05s,seen,yes,high,controlled,yes,0.6881446000188589,82,52,61
13,001,24,f,r,memory_test,625,365,salami_08s,unseen,,,,no,0.9674105000449345,85,55,61
13,001,24,f,r,memory_test,626,366,lamb_chop_18s,seen,no,high,uncontrolled,no,2.9016713000601158,84,54,62
13,001,24,f,r,memory_test,627,367,paint_01b,seen,yes,low,controlled,no,1.859114299993962,81,51,62
13,001,24,f,r,memory_test,628,368,exerciser_05s,seen,yes,low,controlled,no,2.261417099973187,81,51,62
13,001,24,f,r,memory_test,629,369,trombone_14s,seen,no,low,uncontrolled,no,1.0951840999769047,83,53,62
13,001,24,f,r,memory_test,630,370,domino_02s,unseen,,,,no,1.1640972999157384,85,55,61
13,001,24,f,r,memory_test,631,371,apron_10s,seen,no,low,uncontrolled,yes,1.1045336000388488,83,53,61
13,001,24,f,r,memory_test,632,372,cassette_07s,unseen,,,,no,1.0968529001111165,85,55,61
13,001,24,f,r,memory_test,633,373,shortbread_08s,unseen,,,,yes,1.7584509999724105,85,55,62
13,001,24,f,r,memory_test,634,374,coaster_08s,unseen,,,,no,1.577123099938035,85,55,61
13,001,24,f,r,memory_test,635,375,crystal1_05s,unseen,,,,no,1.0593670000089332,85,55,61
13,001,24,f,r,memory_test,636,376,figurine_11s,seen,no,high,uncontrolled,no,1.2246681000106037,84,54,62
13,001,24,f,r,memory_test,637,377,cardigan_11s,unseen,,,,yes,1.5628411999205127,85,55,62
13,001,24,f,r,memory_test,638,378,faucet_09s,unseen,,,,no,0.7369796999264508,85,55,61
13,001,24,f,r,memory_test,639,379,bandanna_10s,unseen,,,,no,1.6251894000452012,85,55,61
13,001,24,f,r,memory_test,640,380,chips_03s,seen,no,high,uncontrolled,no,2.044681700062938,84,54,62
13,001,24,f,r,memory_test,641,381,shears_03s,unseen,,,,no,1.1244565999368206,85,55,61
13,001,24,f,r,memory_test,642,382,gavel_02s,unseen,,,,no,1.1345122000202537,85,55,61
13,001,24,f,r,memory_test,643,383,turf_07s,seen,yes,low,controlled,yes,0.6879123999970034,81,51,61
13,001,24,f,r,memory_test,644,384,block_15s,unseen,,,,no,0.9364020000211895,85,55,61
13,001,24,f,r,memory_test,645,385,step_stool_06s,seen,yes,high,controlled,no,1.6757929000305012,82,52,62
13,001,24,f,r,memory_test,646,386,gumball_02s,unseen,,,,no,0.9628395000472665,85,55,61
13,001,24,f,r,memory_test,647,387,hood_06s,seen,yes,high,controlled,yes,1.5375743999611586,82,52,61
13,001,24,f,r,memory_test,648,388,ham_05s,seen,no,low,uncontrolled,no,0.9552508000051603,83,53,62
13,001,24,f,r,memory_test,649,389,wrench_04s,unseen,,,,yes,1.1277685000095516,85,55,62
13,001,24,f,r,memory_test,650,390,jeans_07s,unseen,,,,no,1.0249835000140592,85,55,61
13,001,24,f,r,memory_test,651,391,toothpaste_10s,unseen,,,,no,1.2308552999747917,85,55,61
13,001,24,f,r,memory_test,652,392,chopsticks_04s,unseen,,,,no,1.290599999949336,85,55,61
13,001,24,f,r,memory_test,653,393,shopping_basket_05s,seen,no,low,uncontrolled,no,1.6439603000180796,83,53,62
13,001,24,f,r,memory_test,654,394,emerald_08n,seen,yes,high,controlled,no,1.2686179999727756,82,52,62
13,001,24,f,r,memory_test,655,395,squirt_gun_15s,seen,no,low,uncontrolled,no,1.7753712000558153,83,53,62
13,001,24,f,r,memory_test,656,396,vacuum_04s,seen,yes,high,controlled,no,1.0186124000465497,82,52,62
13,001,24,f,r,memory_test,657,397,handbrake_03s,seen,yes,high,controlled,no,1.1554637999506667,82,52,62
13,001,24,f,r,memory_test,658,398,sweatsuit_06s,unseen,,,,no,1.7002033999888226,85,55,61
13,001,24,f,r,memory_test,659,399,belt_14s,seen,no,high,uncontrolled,yes,0.9707955999765545,84,54,61
13,001,24,f,r,memory_test,660,400,croissant_13s,unseen,,,,no,1.5954152999911457,85,55,61
13,001,24,f,r,memory_test,661,401,peanut_butter_07s,unseen,,,,no,1.7204326000064611,85,55,61
13,001,24,f,r,memory_test,662,402,mashed_potato_05s,unseen,,,,no,1.0232580000301823,85,55,61
13,001,24,f,r,memory_test,663,403,goggles_07s,unseen,,,,no,1.1077821999788284,85,55,61
13,001,24,f,r,memory_test,664,404,rice_04s,unseen,,,,yes,1.036722999997437,85,55,62
13,001,24,f,r,memory_test,665,405,doorknocker_08s,seen,yes,high,controlled,no,0.9667162999976426,82,52,62
13,001,24,f,r,memory_test,666,406,baklava_11s,seen,yes,low,controlled,no,1.0751957000466064,81,51,62
13,001,24,f,r,memory_test,667,407,tack_06s,seen,no,high,uncontrolled,yes,3.336987000075169,84,54,61
13,001,24,f,r,memory_test,668,408,suit_14s,seen,yes,high,controlled,no,1.380230600014329,82,52,62
13,001,24,f,r,memory_test,669,409,clipper2_05s,unseen,,,,no,1.0830580999609083,85,55,61
13,001,24,f,r,memory_test,670,410,french_fries_11s,seen,no,high,uncontrolled,no,1.0193670999724418,84,54,62
13,001,24,f,r,memory_test,671,411,toga_04s,unseen,,,,yes,1.6995634000049904,85,55,62
13,001,24,f,r,memory_test,672,412,bracelet2_08s,seen,no,high,uncontrolled,yes,1.164694199920632,84,54,61
13,001,24,f,r,memory_test,673,413,egg_roll_07n,unseen,,,,no,0.8485964999999851,85,55,61
13,001,24,f,r,memory_test,674,414,stockings_06s,seen,no,low,uncontrolled,no,1.4326086000073701,83,53,62
13,001,24,f,r,memory_test,675,415,cookie_cutter_09s,unseen,,,,no,1.7824030000483617,85,55,61
13,001,24,f,r,memory_test,676,416,blindfold_16s,unseen,,,,no,1.0273905999492854,85,55,61
13,001,24,f,r,memory_test,677,417,vest_09s,unseen,,,,no,1.5264716000529006,85,55,61
13,001,24,f,r,memory_test,678,418,costume_08s,seen,no,low,uncontrolled,no,1.0358609000686556,83,53,62
13,001,24,f,r,memory_test,679,419,soap_06s,unseen,,,,no,1.5267330000642687,85,55,61
13,001,24,f,r,memory_test,680,420,hot-water_bottle_05s,seen,no,low,uncontrolled,yes,0.80637140001636,83,53,61
13,001,24,f,r,memory_test,681,421,footrest_01b,seen,yes,high,controlled,yes,1.2887536999769509,82,52,61
13,001,24,f,r,memory_test,682,422,retainer_08s,unseen,,,,yes,3.200453000026755,85,55,62
13,001,24,f,r,memory_test,683,423,contact_lens_13s,seen,no,low,uncontrolled,yes,1.6208159999223426,83,53,61
13,001,24,f,r,memory_test,684,424,bin_01b,seen,yes,low,controlled,no,2.144245200091973,81,51,62
13,001,24,f,r,memory_test,685,425,yo-yo_12s,unseen,,,,no,0.9670544000109658,85,55,61
13,001,24,f,r,memory_test,686,426,straightjacket_05s,seen,no,high,uncontrolled,yes,1.2159270000411198,84,54,61
13,001,24,f,r,memory_test,687,427,crouton_12s,unseen,,,,no,1.003434699960053,85,55,61
13,001,24,f,r,memory_test,688,428,marshmallow_12s,seen,yes,low,controlled,yes,0.794522300013341,81,51,61
13,001,24,f,r,memory_test,689,429,chicken1_08s,seen,yes,low,controlled,yes,1.2066572000039741,81,51,61
13,001,24,f,r,memory_test,690,430,sock_13s,seen,yes,low,controlled,yes,0.7672717000823468,81,51,61
13,001,24,f,r,memory_test,691,431,belt_buckle_14s,seen,yes,high,controlled,no,2.2073555999668315,82,52,62
13,001,24,f,r,memory_test,692,432,bowtie_14s,seen,no,high,uncontrolled,no,1.2320740999421105,84,54,62
13,001,24,f,r,memory_test,693,433,jigsaw_puzzle_09s,seen,no,low,uncontrolled,no,0.9930764000164345,83,53,62
13,001,24,f,r,memory_test,694,434,boxer_shorts_09s,seen,no,low,uncontrolled,no,1.6926907999441028,83,53,62
13,001,24,f,r,memory_test,695,435,mop_01b,unseen,,,,yes,1.0587934999493882,85,55,62
13,001,24,f,r,memory_test,696,436,bracket_05s,unseen,,,,no,0.7677860999247059,85,55,61
13,001,24,f,r,memory_test,697,437,checkers_06s,unseen,,,,no,2.148480199975893,85,55,61
13,001,24,f,r,memory_test,698,438,grain_05s,seen,yes,low,controlled,yes,1.2509502000175416,81,51,61
13,001,24,f,r,memory_test,699,439,tamale_13s,seen,no,low,uncontrolled,yes,1.1048745000734925,83,53,61
13,001,24,f,r,memory_test,700,440,snowball_01b,seen,no,high,uncontrolled,yes,1.4218519000569358,84,54,61
13,001,24,f,r,memory_test,701,441,bowler_hat_03s,unseen,,,,no,1.2559852000558749,85,55,61
13,001,24,f,r,memory_test,702,442,tee_01b,seen,no,high,uncontrolled,yes,0.9942790000932291,84,54,61
13,001,24,f,r,memory_test,703,443,meatball_14s,seen,yes,high,controlled,yes,0.9938945999601856,82,52,61
13,001,24,f,r,memory_test,704,444,guacamole_14s,unseen,,,,no,1.0419429000467062,85,55,61
13,001,24,f,r,memory_test,705,445,patty_09s,unseen,,,,no,1.320513300015591,85,55,61
13,001,24,f,r,memory_test,706,446,throne_02s,seen,yes,high,controlled,yes,1.6175202999729663,82,52,61
13,001,24,f,r,memory_test,707,447,breadstick_14s,seen,no,high,uncontrolled,yes,1.6963960999855772,84,54,61
13,001,24,f,r,memory_test,708,448,spam_01b,seen,no,low,uncontrolled,yes,0.9713449999690056,83,53,61
13,001,24,f,r,memory_test,709,449,frisbee_04s,unseen,,,,no,1.1680134000489488,85,55,61
13,001,24,f,r,memory_test,710,450,eggshell_13s,unseen,,,,yes,1.3947567000286654,85,55,62
13,001,24,f,r,memory_test,711,451,container_04s,seen,no,high,uncontrolled,no,1.1519112999085337,84,54,62
13,001,24,f,r,memory_test,712,452,brush_04s,seen,yes,high,controlled,yes,2.201041900087148,82,52,61
13,001,24,f,r,memory_test,713,453,gum_10s,seen,no,low,uncontrolled,no,1.059370300034061,83,53,62
13,001,24,f,r,memory_test,714,454,ginger_10s,unseen,,,,no,2.0958834000630304,85,55,61
13,001,24,f,r,memory_test,715,455,string_cheese_01b,seen,yes,low,controlled,yes,0.822976499912329,81,51,61
13,001,24,f,r,memory_test,716,456,toilet_12s,unseen,,,,no,1.0047962999669835,85,55,61
13,001,24,f,r,memory_test,717,457,cantaloupe_07s,unseen,,,,no,1.2633560000685975,85,55,61
13,001,24,f,r,memory_test,718,458,gyro_01b,seen,yes,high,controlled,yes,0.9326496999710798,82,52,61
13,001,24,f,r,memory_test,719,459,fishnet_stockings_14s,seen,yes,high,controlled,no,1.2230651000281796,82,52,62
13,001,24,f,r,memory_test,720,460,hearse_06s,seen,no,low,uncontrolled,yes,1.9743584000971168,83,53,61
13,001,24,f,r,memory_test,721,461,spaghetti_07s,unseen,,,,no,0.7192384999943897,85,55,61
13,001,24,f,r,memory_test,722,462,fruitcake_05s,unseen,,,,no,1.0851360999513417,85,55,61
13,001,24,f,r,memory_test,723,463,teabag_09s,seen,no,low,uncontrolled,no,1.3759136000880972,83,53,62
13,001,24,f,r,memory_test,724,464,noodle_01s,unseen,,,,no,0.9795007000211626,85,55,61
13,001,24,f,r,memory_test,725,465,videocassette_07n,seen,no,high,uncontrolled,yes,2.0603155998978764,84,54,61
13,001,24,f,r,memory_test,726,466,scoop_12s,unseen,,,,no,1.1132557999808341,85,55,61
13,001,24,f,r,memory_test,727,467,pipe1_10s,unseen,,,,yes,2.8100382999982685,85,55,62
13,001,24,f,r,memory_test,728,468,football_helmet_05s,unseen,,,,no,0.9157631000271067,85,55,61
13,001,24,f,r,memory_test,729,469,chickpea_02s,seen,no,high,uncontrolled,no,1.2357644999865443,84,54,62
13,001,24,f,r,memory_test,730,470,duster_07s,unseen,,,,no,0.9460152999963611,85,55,61
13,001,24,f,r,memory_test,731,471,bracelet1_12s,seen,yes,high,controlled,no,3.293740599998273,82,52,62
13,001,24,f,r,memory_test,732,472,pencil_10s,unseen,,,,no,2.5713049999903888,85,55,61
13,001,24,f,r,memory_test,733,473,saltshaker_08s,unseen,,,,no,1.9979769000783563,85,55,61
13,001,24,f,r,memory_test,734,474,ketchup_10s,unseen,,,,no,0.9685961999930441,85,55,61
13,001,24,f,r,memory_test,735,475,nail_clippers_05s,unseen,,,,no,1.0518991999560967,85,55,61
13,001,24,f,r,memory_test,736,476,shaving_cream_05s,unseen,,,,no,1.290297199971974,85,55,61
13,001,24,f,r,memory_test,737,477,earplug_01b,unseen,,,,no,0.9862631999421865,85,55,61
13,001,24,f,r,memory_test,738,478,sweet_potato_07s,unseen,,,,no,1.7232102999696508,85,55,61
13,001,24,f,r,memory_test,739,479,cheesecake_13s,unseen,,,,yes,1.0973588000051677,85,55,62
13,001,24,f,r,memory_test,740,480,beanbag_13s,unseen,,,,no,0.9365349999861792,85,55,61
